date,sku_id,seller_id,amazon_sellable_qty,marketplaces_reported
2026-07-01,1001,10,5,DE
2026-07-01,1001,20,2,FR
2026-07-01,1002,10,1,DE
2026-07-01,1003,10,10,DE
2026-07-01,1004,20,0,FR
2026-07-01,1005,10,2,DE
2026-07-01,1006,10,4,DE
2026-07-01,1007,10,6,"AT,DE"
2026-07-01,1008,10,3,DE
2026-07-01,1100,10,29,DE
2026-07-01,1101,20,60,FR
2026-07-01,1102,30,77,IT
2026-07-01,1103,40,29,ES
2026-07-01,1104,10,7,DE
2026-07-01,1105,20,15,FR
2026-07-01,1106,30,31,IT
2026-07-01,1107,40,22,ES
2026-07-01,1108,10,43,DE
2026-07-01,1109,20,44,FR
2026-07-01,1110,30,55,IT
2026-07-01,1111,40,45,ES
2026-07-01,1112,10,33,DE
2026-07-01,1113,20,32,FR
2026-07-01,1114,30,68,IT
2026-07-01,1115,40,66,ES
2026-07-01,1116,10,42,DE
2026-07-01,1117,20,58,FR
2026-07-01,1118,30,45,IT
2026-07-01,1119,40,21,ES
2026-07-01,1120,10,9,DE
2026-07-01,1121,20,13,FR
2026-07-01,1122,30,33,IT
2026-07-01,1123,40,65,ES
2026-07-01,1124,10,75,DE
2026-07-01,1125,20,18,FR
2026-07-01,1126,30,27,IT
2026-07-01,1127,40,57,ES
2026-07-01,1128,10,72,DE
2026-07-01,1129,20,24,FR
2026-07-01,1130,30,71,IT
2026-07-01,1131,40,74,ES
2026-07-01,1132,10,53,DE
2026-07-01,1133,20,54,FR
2026-07-01,1134,30,27,IT
2026-07-01,1135,40,26,ES
2026-07-01,1136,10,11,DE
2026-07-01,1137,20,72,FR
2026-07-01,1138,30,14,IT
2026-07-01,1139,40,72,ES
2026-07-01,1140,10,47,DE
2026-07-01,1141,20,58,FR
2026-07-01,1142,30,15,IT
2026-07-01,1143,40,59,ES
2026-07-01,1144,10,56,DE
2026-07-01,1145,20,51,FR
2026-07-01,1146,30,40,IT
2026-07-01,1147,40,61,ES
2026-07-01,1148,10,71,DE
2026-07-01,1149,20,11,FR
2026-07-01,1150,30,20,IT
2026-07-01,1151,40,69,ES
2026-07-01,1152,10,55,DE
2026-07-01,1153,20,44,FR
2026-07-01,1154,30,41,IT
2026-07-01,1155,40,32,ES
2026-07-01,1156,10,74,DE
2026-07-01,1157,20,9,FR
2026-07-01,1158,30,72,IT
2026-07-01,1159,40,11,ES
2026-07-01,1160,10,60,DE
2026-07-01,1161,20,11,FR
2026-07-01,1162,30,71,IT
2026-07-01,1163,40,66,ES
2026-07-01,1164,10,58,DE
2026-07-01,1165,20,48,FR
2026-07-01,1166,30,51,IT
2026-07-01,1167,40,44,ES
2026-07-01,1168,10,48,DE
2026-07-01,1169,20,7,FR
2026-07-01,1170,30,57,IT
2026-07-01,1171,40,17,ES
2026-07-02,1001,10,3,DE
2026-07-02,1001,20,1,FR
2026-07-02,1002,10,0,DE
2026-07-02,1003,10,9,DE
2026-07-02,1004,20,0,FR
2026-07-02,1005,10,3,DE
2026-07-02,1006,10,4,DE
2026-07-02,1007,10,4,"AT,DE"
2026-07-02,1008,10,2,DE
2026-07-02,1100,10,26,DE
2026-07-02,1101,20,55,FR
2026-07-02,1102,30,71,IT
2026-07-02,1103,40,24,ES
2026-07-02,1104,10,12,DE
2026-07-02,1105,20,18,FR
2026-07-02,1106,30,31,IT
2026-07-02,1107,40,25,ES
2026-07-02,1108,10,43,DE
2026-07-02,1109,20,52,FR
2026-07-02,1110,30,56,IT
2026-07-02,1111,40,49,ES
2026-07-02,1112,10,32,DE
2026-07-02,1113,20,38,FR
2026-07-02,1114,30,71,IT
2026-07-02,1115,40,57,ES
2026-07-02,1116,10,44,DE
2026-07-02,1117,20,60,FR
2026-07-02,1118,30,45,IT
2026-07-02,1119,40,23,ES
2026-07-02,1120,10,9,DE
2026-07-02,1121,20,19,FR
2026-07-02,1122,30,29,IT
2026-07-02,1123,40,67,ES
2026-07-02,1124,10,72,DE
2026-07-02,1125,20,15,FR
2026-07-02,1126,30,28,IT
2026-07-02,1127,40,61,ES
2026-07-02,1128,10,67,DE
2026-07-02,1129,20,23,FR
2026-07-02,1130,30,64,IT
2026-07-02,1131,40,71,ES
2026-07-02,1132,10,57,DE
2026-07-02,1133,20,55,FR
2026-07-02,1134,30,28,IT
2026-07-02,1135,40,25,ES
2026-07-02,1136,10,10,DE
2026-07-02,1137,20,71,FR
2026-07-02,1138,30,12,IT
2026-07-02,1139,40,68,ES
2026-07-02,1140,10,44,DE
2026-07-02,1141,20,54,FR
2026-07-02,1142,30,16,IT
2026-07-02,1143,40,62,ES
2026-07-02,1144,10,60,DE
2026-07-02,1145,20,56,FR
2026-07-02,1146,30,39,IT
2026-07-02,1147,40,52,ES
2026-07-02,1148,10,73,DE
2026-07-02,1149,20,8,FR
2026-07-02,1150,30,26,IT
2026-07-02,1151,40,71,ES
2026-07-02,1152,10,59,DE
2026-07-02,1153,20,43,FR
2026-07-02,1154,30,39,IT
2026-07-02,1155,40,31,ES
2026-07-02,1156,10,69,DE
2026-07-02,1157,20,11,FR
2026-07-02,1158,30,75,IT
2026-07-02,1159,40,10,ES
2026-07-02,1160,10,63,DE
2026-07-02,1161,20,16,FR
2026-07-02,1162,30,67,IT
2026-07-02,1163,40,66,ES
2026-07-02,1164,10,60,DE
2026-07-02,1165,20,50,FR
2026-07-02,1166,30,51,IT
2026-07-02,1167,40,43,ES
2026-07-02,1168,10,54,DE
2026-07-02,1169,20,12,FR
2026-07-02,1170,30,56,IT
2026-07-02,1171,40,17,ES
2026-07-04,1001,10,6000,DE
2026-07-04,1001,20,2,FR
2026-07-04,1002,10,2000,DE
2026-07-04,1003,10,7,DE
2026-07-04,1004,20,0,FR
2026-07-04,1005,10,4,DE
2026-07-04,1007,10,2,"AT,DE"
2026-07-04,1008,10,1,DE
2026-07-04,1100,10,28,DE
2026-07-04,1101,20,53,FR
2026-07-04,1102,30,77,IT
2026-07-04,1103,40,20,ES
2026-07-04,1104,10,8,DE
2026-07-04,1105,20,16,FR
2026-07-04,1106,30,30,IT
2026-07-04,1107,40,25,ES
2026-07-04,1108,10,44,DE
2026-07-04,1109,20,50,FR
2026-07-04,1110,30,52,IT
2026-07-04,1111,40,39,ES
2026-07-04,1112,10,34,DE
2026-07-04,1113,20,39,FR
2026-07-04,1114,30,70,IT
2026-07-04,1115,40,57,ES
2026-07-04,1116,10,45,DE
2026-07-04,1117,20,55,FR
2026-07-04,1118,30,53,IT
2026-07-04,1119,40,25,ES
2026-07-04,1120,10,9,DE
2026-07-04,1121,20,18,FR
2026-07-04,1122,30,28,IT
2026-07-04,1123,40,66,ES
2026-07-04,1124,10,73,DE
2026-07-04,1125,20,19,FR
2026-07-04,1126,30,25,IT
2026-07-04,1127,40,59,ES
2026-07-04,1128,10,70,DE
2026-07-04,1129,20,22,FR
2026-07-04,1130,30,68,IT
2026-07-04,1131,40,67,ES
2026-07-04,1132,10,53,DE
2026-07-04,1133,20,47,FR
2026-07-04,1134,30,32,IT
2026-07-04,1135,40,26,ES
2026-07-04,1136,10,12,DE
2026-07-04,1137,20,65,FR
2026-07-04,1138,30,11,IT
2026-07-04,1139,40,63,ES
2026-07-04,1140,10,45,DE
2026-07-04,1141,20,54,FR
2026-07-04,1142,30,14,IT
2026-07-04,1143,40,54,ES
2026-07-04,1144,10,52,DE
2026-07-04,1145,20,54,FR
2026-07-04,1146,30,39,IT
2026-07-04,1147,40,56,ES
2026-07-04,1148,10,70,DE
2026-07-04,1149,20,10,FR
2026-07-04,1150,30,21,IT
2026-07-04,1151,40,61,ES
2026-07-04,1152,10,56,DE
2026-07-04,1153,20,41,FR
2026-07-04,1154,30,38,IT
2026-07-04,1155,40,26,ES
2026-07-04,1156,10,76,DE
2026-07-04,1157,20,11,FR
2026-07-04,1158,30,73,IT
2026-07-04,1159,40,14,ES
2026-07-04,1160,10,65,DE
2026-07-04,1161,20,14,FR
2026-07-04,1162,30,65,IT
2026-07-04,1163,40,70,ES
2026-07-04,1164,10,53,DE
2026-07-04,1165,20,52,FR
2026-07-04,1166,30,50,IT
2026-07-04,1167,40,46,ES
2026-07-04,1168,10,51,DE
2026-07-04,1169,20,7,FR
2026-07-04,1170,30,46,IT
2026-07-04,1171,40,13,ES
2026-07-05,1001,10,1,DE
2026-07-05,1001,20,0,FR
2026-07-05,1002,10,0,DE
2026-07-05,1003,10,6,DE
2026-07-05,1004,20,5,FR
2026-07-05,1006,10,4,DE
2026-07-05,1007,10,0,"AT,DE"
2026-07-05,1008,10,0,DE
2026-07-05,1100,10,24,DE
2026-07-05,1101,20,56,FR
2026-07-05,1102,30,72,IT
2026-07-05,1103,40,22,ES
2026-07-05,1104,10,9,DE
2026-07-05,1105,20,13,FR
2026-07-05,1106,30,32,IT
2026-07-05,1107,40,17,ES
2026-07-05,1108,10,40,DE
2026-07-05,1109,20,42,FR
2026-07-05,1110,30,58,IT
2026-07-05,1111,40,46,ES
2026-07-05,1112,10,31,DE
2026-07-05,1113,20,34,FR
2026-07-05,1114,30,74,IT
2026-07-05,1115,40,57,ES
2026-07-05,1116,10,41,DE
2026-07-05,1117,20,59,FR
2026-07-05,1118,30,50,IT
2026-07-05,1119,40,26,ES
2026-07-05,1120,10,6,DE
2026-07-05,1121,20,11,FR
2026-07-05,1122,30,34,IT
2026-07-05,1123,40,55,ES
2026-07-05,1124,10,69,DE
2026-07-05,1125,20,15,FR
2026-07-05,1126,30,24,IT
2026-07-05,1127,40,53,ES
2026-07-05,1128,10,67,DE
2026-07-05,1129,20,18,FR
2026-07-05,1130,30,71,IT
2026-07-05,1131,40,67,ES
2026-07-05,1132,10,47,DE
2026-07-05,1133,20,54,FR
2026-07-05,1134,30,27,IT
2026-07-05,1135,40,19,ES
2026-07-05,1136,10,12,DE
2026-07-05,1137,20,65,FR
2026-07-05,1138,30,10,IT
2026-07-05,1139,40,63,ES
2026-07-05,1140,10,39,DE
2026-07-05,1141,20,51,FR
2026-07-05,1142,30,9,IT
2026-07-05,1143,40,56,ES
2026-07-05,1144,10,51,DE
2026-07-05,1145,20,50,FR
2026-07-05,1146,30,40,IT
2026-07-05,1147,40,57,ES
2026-07-05,1148,10,66,DE
2026-07-05,1149,20,16,FR
2026-07-05,1150,30,19,IT
2026-07-05,1151,40,65,ES
2026-07-05,1152,10,56,DE
2026-07-05,1153,20,50,FR
2026-07-05,1154,30,32,IT
2026-07-05,1155,40,25,ES
2026-07-05,1156,10,75,DE
2026-07-05,1157,20,4,FR
2026-07-05,1158,30,68,IT
2026-07-05,1159,40,9,ES
2026-07-05,1160,10,58,DE
2026-07-05,1161,20,9,FR
2026-07-05,1162,30,65,IT
2026-07-05,1163,40,68,ES
2026-07-05,1164,10,58,DE
2026-07-05,1165,20,46,FR
2026-07-05,1166,30,53,IT
2026-07-05,1167,40,50,ES
2026-07-05,1168,10,46,DE
2026-07-05,1169,20,12,FR
2026-07-05,1170,30,47,IT
2026-07-05,1171,40,13,ES
2026-07-06,1001,10,2,DE
2026-07-06,1001,20,3,FR
2026-07-06,1002,10,1,DE
2026-07-06,1003,10,5,DE
2026-07-06,1004,20,6,FR
2026-07-06,1005,10,3,DE
2026-07-06,1006,10,4,DE
2026-07-06,1007,10,5,"AT,DE"
2026-07-06,1008,10,5,DE
2026-07-06,1100,10,23,DE
2026-07-06,1101,20,59,FR
2026-07-06,1102,30,74,IT
2026-07-06,1103,40,15,ES
2026-07-06,1104,10,10,DE
2026-07-06,1105,20,14,FR
2026-07-06,1106,30,30,IT
2026-07-06,1107,40,19,ES
2026-07-06,1108,10,37,DE
2026-07-06,1109,20,49,FR
2026-07-06,1110,30,54,IT
2026-07-06,1111,40,42,ES
2026-07-06,1112,10,28,DE
2026-07-06,1113,20,34,FR
2026-07-06,1114,30,71,IT
2026-07-06,1115,40,59,ES
2026-07-06,1116,10,35,DE
2026-07-06,1117,20,61,FR
2026-07-06,1118,30,43,IT
2026-07-06,1119,40,27,ES
2026-07-06,1120,10,9,DE
2026-07-06,1121,20,14,FR
2026-07-06,1122,30,29,IT
2026-07-06,1123,40,65,ES
2026-07-06,1124,10,65,DE
2026-07-06,1125,20,9,FR
2026-07-06,1126,30,24,IT
2026-07-06,1127,40,53,ES
2026-07-06,1128,10,61,DE
2026-07-06,1129,20,26,FR
2026-07-06,1130,30,63,IT
2026-07-06,1131,40,75,ES
2026-07-06,1132,10,47,DE
2026-07-06,1133,20,49,FR
2026-07-06,1134,30,22,IT
2026-07-06,1135,40,18,ES
2026-07-06,1136,10,13,DE
2026-07-06,1137,20,63,FR
2026-07-06,1138,30,6,IT
2026-07-06,1139,40,59,ES
2026-07-06,1140,10,42,DE
2026-07-06,1141,20,49,FR
2026-07-06,1142,30,7,IT
2026-07-06,1143,40,56,ES
2026-07-06,1144,10,55,DE
2026-07-06,1145,20,50,FR
2026-07-06,1146,30,38,IT
2026-07-06,1147,40,53,ES
2026-07-06,1148,10,66,DE
2026-07-06,1149,20,9,FR
2026-07-06,1150,30,19,IT
2026-07-06,1151,40,65,ES
2026-07-06,1152,10,59,DE
2026-07-06,1153,20,50,FR
2026-07-06,1154,30,39,IT
2026-07-06,1155,40,25,ES
2026-07-06,1156,10,69,DE
2026-07-06,1157,20,10,FR
2026-07-06,1158,30,69,IT
2026-07-06,1159,40,5,ES
2026-07-06,1160,10,65,DE
2026-07-06,1161,20,15,FR
2026-07-06,1162,30,67,IT
2026-07-06,1163,40,69,ES
2026-07-06,1164,10,51,DE
2026-07-06,1165,20,50,FR
2026-07-06,1166,30,51,IT
2026-07-06,1167,40,48,ES
2026-07-06,1168,10,47,DE
2026-07-06,1169,20,11,FR
2026-07-06,1170,30,53,IT
2026-07-06,1171,40,13,ES
2026-07-07,1001,10,8,DE
2026-07-07,1001,20,2,FR
2026-07-07,1002,10,2,DE
2026-07-07,1003,10,4,DE
2026-07-07,1004,20,0,FR
2026-07-07,1005,10,4,DE
2026-07-07,1006,10,4,DE
2026-07-07,1007,10,7,"AT,DE"
2026-07-07,1008,10,4,DE
2026-07-07,1100,10,16,DE
2026-07-07,1101,20,54,FR
2026-07-07,1102,30,69,IT
2026-07-07,1103,40,23,ES
2026-07-07,1104,10,9,DE
2026-07-07,1105,20,14,FR
2026-07-07,1106,30,32,IT
2026-07-07,1107,40,18,ES
2026-07-07,1108,10,35,DE
2026-07-07,1109,20,45,FR
2026-07-07,1110,30,54,IT
2026-07-07,1111,40,40,ES
2026-07-07,1112,10,32,DE
2026-07-07,1113,20,27,FR
2026-07-07,1114,30,74,IT
2026-07-07,1115,40,58,ES
2026-07-07,1116,10,35,DE
2026-07-07,1117,20,56,FR
2026-07-07,1118,30,40,IT
2026-07-07,1119,40,21,ES
2026-07-07,1120,10,7,DE
2026-07-07,1121,20,11,FR
2026-07-07,1122,30,25,IT
2026-07-07,1123,40,66,ES
2026-07-07,1124,10,68,DE
2026-07-07,1125,20,6,FR
2026-07-07,1126,30,22,IT
2026-07-07,1127,40,52,ES
2026-07-07,1128,10,61,DE
2026-07-07,1129,20,22,FR
2026-07-07,1130,30,59,IT
2026-07-07,1131,40,68,ES
2026-07-07,1132,10,56,DE
2026-07-07,1133,20,54,FR
2026-07-07,1134,30,29,IT
2026-07-07,1135,40,23,ES
2026-07-07,1136,10,11,DE
2026-07-07,1137,20,64,FR
2026-07-07,1138,30,6,IT
2026-07-07,1139,40,67,ES
2026-07-07,1140,10,37,DE
2026-07-07,1141,20,48,FR
2026-07-07,1142,30,7,IT
2026-07-07,1143,40,50,ES
2026-07-07,1144,10,61,DE
2026-07-07,1145,20,49,FR
2026-07-07,1146,30,41,IT
2026-07-07,1147,40,58,ES
2026-07-07,1148,10,64,DE
2026-07-07,1149,20,13,FR
2026-07-07,1150,30,21,IT
2026-07-07,1151,40,65,ES
2026-07-07,1152,10,56,DE
2026-07-07,1153,20,43,FR
2026-07-07,1154,30,34,IT
2026-07-07,1155,40,31,ES
2026-07-07,1156,10,71,DE
2026-07-07,1157,20,5,FR
2026-07-07,1158,30,68,IT
2026-07-07,1159,40,5,ES
2026-07-07,1160,10,66,DE
2026-07-07,1161,20,5,FR
2026-07-07,1162,30,63,IT
2026-07-07,1163,40,64,ES
2026-07-07,1164,10,98,DE
2026-07-07,1165,20,41,FR
2026-07-07,1166,30,48,IT
2026-07-07,1167,40,39,ES
2026-07-07,1168,10,46,DE
2026-07-07,1169,20,8,FR
2026-07-07,1170,30,49,IT
2026-07-07,1171,40,9,ES
2026-07-08,1001,10,7,DE
2026-07-08,1001,20,1,FR
2026-07-08,1002,10,3,DE
2026-07-08,1003,10,3,DE
2026-07-08,1004,20,1,FR
2026-07-08,1005,10,5,DE
2026-07-08,1006,10,4,DE
2026-07-08,1007,10,0,"AT,DE"
2026-07-08,1008,10,3,DE
2026-07-08,1100,10,22,DE
2026-07-08,1101,20,57,FR
2026-07-08,1102,30,74,IT
2026-07-08,1103,40,15,ES
2026-07-08,1104,10,3,DE
2026-07-08,1105,20,18,FR
2026-07-08,1106,30,34,IT
2026-07-08,1107,40,16,ES
2026-07-08,1108,10,40,DE
2026-07-08,1109,20,47,FR
2026-07-08,1110,30,51,IT
2026-07-08,1111,40,41,ES
2026-07-08,1112,10,29,DE
2026-07-08,1113,20,29,FR
2026-07-08,1114,30,71,IT
2026-07-08,1115,40,52,ES
2026-07-08,1116,10,37,DE
2026-07-08,1117,20,54,FR
2026-07-08,1118,30,48,IT
2026-07-08,1119,40,25,ES
2026-07-08,1120,10,6,DE
2026-07-08,1121,20,8,FR
2026-07-08,1122,30,24,IT
2026-07-08,1123,40,59,ES
2026-07-08,1124,10,71,DE
2026-07-08,1125,20,9,FR
2026-07-08,1126,30,25,IT
2026-07-08,1127,40,52,ES
2026-07-08,1128,10,70,DE
2026-07-08,1129,20,17,FR
2026-07-08,1130,30,64,IT
2026-07-08,1131,40,70,ES
2026-07-08,1132,10,49,DE
2026-07-08,1133,20,47,FR
2026-07-08,1134,30,27,IT
2026-07-08,1135,40,19,ES
2026-07-08,1136,10,10,DE
2026-07-08,1137,20,68,FR
2026-07-08,1138,30,14,IT
2026-07-08,1139,40,63,ES
2026-07-08,1140,10,36,DE
2026-07-08,1141,20,57,FR
2026-07-08,1142,30,10,IT
2026-07-08,1143,40,54,ES
2026-07-08,1144,10,61,DE
2026-07-08,1145,20,50,FR
2026-07-08,1146,30,41,IT
2026-07-08,1147,40,54,ES
2026-07-08,1148,10,66,DE
2026-07-08,1149,20,6,FR
2026-07-08,1150,30,20,IT
2026-07-08,1151,40,63,ES
2026-07-08,1152,10,53,DE
2026-07-08,1153,20,43,FR
2026-07-08,1154,30,35,IT
2026-07-08,1155,40,23,ES
2026-07-08,1156,10,73,DE
2026-07-08,1157,20,4,FR
2026-07-08,1158,30,64,IT
2026-07-08,1159,40,0,ES
2026-07-08,1160,10,59,DE
2026-07-08,1161,20,8,FR
2026-07-08,1162,30,57,IT
2026-07-08,1163,40,61,ES
2026-07-08,1164,10,96,DE
2026-07-08,1165,20,49,FR
2026-07-08,1166,30,47,IT
2026-07-08,1167,40,46,ES
2026-07-08,1168,10,45,DE
2026-07-08,1169,20,2,FR
2026-07-08,1170,30,46,IT
2026-07-08,1171,40,8,ES
2026-07-09,1001,10,6,DE
2026-07-09,1001,20,0,FR
2026-07-09,1002,10,4,DE
2026-07-09,1003,10,2,DE
2026-07-09,1004,20,2,FR
2026-07-09,1005,10,6,DE
2026-07-09,1006,10,4,DE
2026-07-09,1007,10,2,"AT,DE"
2026-07-09,1008,10,2,DE
2026-07-09,1100,10,13,DE
2026-07-09,1101,20,50,FR
2026-07-09,1102,30,74,IT
2026-07-09,1103,40,25,ES
2026-07-09,1104,10,7,DE
2026-07-09,1105,20,13,FR
2026-07-09,1106,30,24,IT
2026-07-09,1107,40,14,ES
2026-07-09,1108,10,38,DE
2026-07-09,1109,20,44,FR
2026-07-09,1110,30,52,IT
2026-07-09,1111,40,42,ES
2026-07-09,1112,10,32,DE
2026-07-09,1113,20,31,FR
2026-07-09,1114,30,70,IT
2026-07-09,1115,40,53,ES
2026-07-09,1116,10,36,DE
2026-07-09,1117,20,59,FR
2026-07-09,1118,30,39,IT
2026-07-09,1119,40,20,ES
2026-07-09,1120,10,3,DE
2026-07-09,1121,20,17,FR
2026-07-09,1122,30,23,IT
2026-07-09,1123,40,63,ES
2026-07-09,1124,10,72,DE
2026-07-09,1125,20,7,FR
2026-07-09,1126,30,24,IT
2026-07-09,1127,40,56,ES
2026-07-09,1128,10,69,DE
2026-07-09,1129,20,11,FR
2026-07-09,1130,30,70,IT
2026-07-09,1131,40,66,ES
2026-07-09,1132,10,42,DE
2026-07-09,1133,20,44,FR
2026-07-09,1134,30,26,IT
2026-07-09,1135,40,19,ES
2026-07-09,1136,10,2,DE
2026-07-09,1137,20,61,FR
2026-07-09,1138,30,4,IT
2026-07-09,1139,40,63,ES
2026-07-09,1140,10,45,DE
2026-07-09,1141,20,50,FR
2026-07-09,1142,30,3,IT
2026-07-09,1143,40,59,ES
2026-07-09,1144,10,59,DE
2026-07-09,1145,20,52,FR
2026-07-09,1146,30,34,IT
2026-07-09,1147,40,55,ES
2026-07-09,1148,10,70,DE
2026-07-09,1149,20,10,FR
2026-07-09,1150,30,19,IT
2026-07-09,1151,40,67,ES
2026-07-09,1152,10,49,DE
2026-07-09,1153,20,37,FR
2026-07-09,1154,30,33,IT
2026-07-09,1155,40,23,ES
2026-07-09,1156,10,65,DE
2026-07-09,1157,20,9,FR
2026-07-09,1158,30,67,IT
2026-07-09,1159,40,9,ES
2026-07-09,1160,10,58,DE
2026-07-09,1161,20,11,FR
2026-07-09,1162,30,62,IT
2026-07-09,1163,40,61,ES
2026-07-09,1164,10,94,DE
2026-07-09,1165,20,43,FR
2026-07-09,1166,30,47,IT
2026-07-09,1167,40,46,ES
2026-07-09,1168,10,47,DE
2026-07-09,1169,20,0,FR
2026-07-09,1170,30,52,IT
2026-07-09,1171,40,9,ES
2026-07-10,1001,10,5,DE
2026-07-10,1001,20,4,FR
2026-07-10,1002,10,0,DE
2026-07-10,1003,10,11,DE
2026-07-10,1004,20,3,FR
2026-07-10,1005,10,2,DE
2026-07-10,1006,10,4,DE
2026-07-10,1007,10,4,"AT,DE"
2026-07-10,1008,10,1,DE
2026-07-10,1100,10,18,DE
2026-07-10,1101,20,58,FR
2026-07-10,1102,30,68,IT
2026-07-10,1103,40,70,ES
2026-07-10,1104,10,0,DE
2026-07-10,1105,20,6,FR
2026-07-10,1106,30,31,IT
2026-07-10,1107,40,21,ES
2026-07-10,1108,10,35,DE
2026-07-10,1109,20,36,FR
2026-07-10,1110,30,51,IT
2026-07-10,1111,40,42,ES
2026-07-10,1112,10,28,DE
2026-07-10,1113,20,34,FR
2026-07-10,1114,30,69,IT
2026-07-10,1115,40,61,ES
2026-07-10,1116,10,30,DE
2026-07-10,1117,20,53,FR
2026-07-10,1118,30,41,IT
2026-07-10,1119,40,19,ES
2026-07-10,1120,10,0,DE
2026-07-10,1121,20,10,FR
2026-07-10,1122,30,24,IT
2026-07-10,1123,40,58,ES
2026-07-10,1124,10,72,DE
2026-07-10,1125,20,13,FR
2026-07-10,1126,30,26,IT
2026-07-10,1127,40,57,ES
2026-07-10,1128,10,65,DE
2026-07-10,1129,20,13,FR
2026-07-10,1130,30,67,IT
2026-07-10,1131,40,66,ES
2026-07-10,1132,10,46,DE
2026-07-10,1133,20,47,FR
2026-07-10,1134,30,31,IT
2026-07-10,1135,40,14,ES
2026-07-10,1136,10,7,DE
2026-07-10,1137,20,68,FR
2026-07-10,1138,30,6,IT
2026-07-10,1139,40,60,ES
2026-07-10,1140,10,72,DE
2026-07-10,1141,20,48,FR
2026-07-10,1142,30,3,IT
2026-07-10,1143,40,58,ES
2026-07-10,1144,10,56,DE
2026-07-10,1145,20,50,FR
2026-07-10,1146,30,37,IT
2026-07-10,1147,40,53,ES
2026-07-10,1148,10,62,DE
2026-07-10,1149,20,8,FR
2026-07-10,1150,30,14,IT
2026-07-10,1151,40,62,ES
2026-07-10,1152,10,53,DE
2026-07-10,1153,20,37,FR
2026-07-10,1154,30,28,IT
2026-07-10,1155,40,22,ES
2026-07-10,1156,10,68,DE
2026-07-10,1157,20,2,FR
2026-07-10,1158,30,69,IT
2026-07-10,1159,40,8,ES
2026-07-10,1160,10,59,DE
2026-07-10,1161,20,11,FR
2026-07-10,1162,30,59,IT
2026-07-10,1163,40,64,ES
2026-07-10,1164,10,92,DE
2026-07-10,1165,20,44,FR
2026-07-10,1166,30,48,IT
2026-07-10,1167,40,40,ES
2026-07-10,1168,10,45,DE
2026-07-10,1169,20,7,FR
2026-07-10,1170,30,47,IT
2026-07-10,1171,40,9,ES
2026-07-11,1001,10,4,DE
2026-07-11,1001,20,3,FR
2026-07-11,1002,10,1,DE
2026-07-11,1003,10,10,DE
2026-07-11,1004,20,4,FR
2026-07-11,1005,10,3,DE
2026-07-11,1006,10,4,DE
2026-07-11,1007,10,6,"AT,DE"
2026-07-11,1008,10,0,DE
2026-07-11,1100,10,18,DE
2026-07-11,1101,20,55,FR
2026-07-11,1102,30,69,IT
2026-07-11,1103,40,69,ES
2026-07-11,1104,10,6,DE
2026-07-11,1105,20,9,FR
2026-07-11,1106,30,32,IT
2026-07-11,1107,40,20,ES
2026-07-11,1108,10,37,DE
2026-07-11,1109,20,40,FR
2026-07-11,1110,30,50,IT
2026-07-11,1111,40,41,ES
2026-07-11,1112,10,31,DE
2026-07-11,1113,20,31,FR
2026-07-11,1114,30,70,IT
2026-07-11,1115,40,47,ES
2026-07-11,1116,10,33,DE
2026-07-11,1117,20,57,FR
2026-07-11,1118,30,38,IT
2026-07-11,1119,40,18,ES
2026-07-11,1120,10,1,DE
2026-07-11,1121,20,15,FR
2026-07-11,1122,30,28,IT
2026-07-11,1123,40,53,ES
2026-07-11,1124,10,64,DE
2026-07-11,1125,20,11,FR
2026-07-11,1126,30,28,IT
2026-07-11,1127,40,58,ES
2026-07-11,1128,10,57,DE
2026-07-11,1129,20,20,FR
2026-07-11,1130,30,58,IT
2026-07-11,1131,40,59,ES
2026-07-11,1132,10,46,DE
2026-07-11,1133,20,47,FR
2026-07-11,1134,30,24,IT
2026-07-11,1135,40,17,ES
2026-07-11,1136,10,10,DE
2026-07-11,1137,20,58,FR
2026-07-11,1138,30,6,IT
2026-07-11,1139,40,58,ES
2026-07-11,1140,10,71,DE
2026-07-11,1141,20,54,FR
2026-07-11,1142,30,9,IT
2026-07-11,1143,40,55,ES
2026-07-11,1144,10,52,DE
2026-07-11,1145,20,42,FR
2026-07-11,1146,30,43,IT
2026-07-11,1147,40,53,ES
2026-07-11,1148,10,58,DE
2026-07-11,1149,20,8,FR
2026-07-11,1150,30,21,IT
2026-07-11,1151,40,63,ES
2026-07-11,1152,10,48,DE
2026-07-11,1153,20,44,FR
2026-07-11,1154,30,37,IT
2026-07-11,1155,40,25,ES
2026-07-11,1156,10,64,DE
2026-07-11,1157,20,8,FR
2026-07-11,1158,30,67,IT
2026-07-11,1159,40,1,ES
2026-07-11,1160,10,57,DE
2026-07-11,1161,20,11,FR
2026-07-11,1162,30,66,IT
2026-07-11,1163,40,65,ES
2026-07-11,1164,10,90,DE
2026-07-11,1165,20,45,FR
2026-07-11,1166,30,54,IT
2026-07-11,1167,40,46,ES
2026-07-11,1168,10,46,DE
2026-07-11,1169,20,10,FR
2026-07-11,1170,30,40,IT
2026-07-11,1171,40,9,ES
2026-07-12,1001,10,3,DE
2026-07-12,1001,20,2,FR
2026-07-12,1002,10,2,DE
2026-07-12,1003,10,9,DE
2026-07-12,1004,20,5,FR
2026-07-12,1005,10,4,DE
2026-07-12,1006,10,4,DE
2026-07-12,1007,10,4,"AT,DE"
2026-07-12,1008,10,5,DE
2026-07-12,1100,10,23,DE
2026-07-12,1101,20,47,FR
2026-07-12,1102,30,71,IT
2026-07-12,1103,40,68,ES
2026-07-12,1104,10,6,DE
2026-07-12,1105,20,9,FR
2026-07-12,1106,30,29,IT
2026-07-12,1107,40,15,ES
2026-07-12,1108,10,38,DE
2026-07-12,1109,20,38,FR
2026-07-12,1110,30,49,IT
2026-07-12,1111,40,37,ES
2026-07-12,1112,10,21,DE
2026-07-12,1113,20,27,FR
2026-07-12,1114,30,70,IT
2026-07-12,1115,40,50,ES
2026-07-12,1116,10,33,DE
2026-07-12,1117,20,58,FR
2026-07-12,1118,30,41,IT
2026-07-12,1119,40,23,ES
2026-07-12,1120,10,0,DE
2026-07-12,1121,20,15,FR
2026-07-12,1122,30,27,IT
2026-07-12,1123,40,57,ES
2026-07-12,1124,10,62,DE
2026-07-12,1125,20,8,FR
2026-07-12,1126,30,24,IT
2026-07-12,1127,40,49,ES
2026-07-12,1128,10,60,DE
2026-07-12,1129,20,19,FR
2026-07-12,1130,30,54,IT
2026-07-12,1131,40,61,ES
2026-07-12,1132,10,40,DE
2026-07-12,1133,20,48,FR
2026-07-12,1134,30,16,IT
2026-07-12,1135,40,23,ES
2026-07-12,1136,10,4,DE
2026-07-12,1137,20,60,FR
2026-07-12,1138,30,11,IT
2026-07-12,1139,40,65,ES
2026-07-12,1140,10,70,DE
2026-07-12,1141,20,52,FR
2026-07-12,1142,30,8,IT
2026-07-12,1143,40,48,ES
2026-07-12,1144,10,55,DE
2026-07-12,1145,20,47,FR
2026-07-12,1146,30,33,IT
2026-07-12,1147,40,51,ES
2026-07-12,1148,10,66,DE
2026-07-12,1149,20,9,FR
2026-07-12,1150,30,9,IT
2026-07-12,1151,40,70,ES
2026-07-12,1152,10,55,DE
2026-07-12,1153,20,48,FR
2026-07-12,1154,30,31,IT
2026-07-12,1155,40,23,ES
2026-07-12,1156,10,67,DE
2026-07-12,1157,20,4,FR
2026-07-12,1158,30,66,IT
2026-07-12,1159,40,13,ES
2026-07-12,1160,10,59,DE
2026-07-12,1161,20,12,FR
2026-07-12,1162,30,60,IT
2026-07-12,1163,40,62,ES
2026-07-12,1164,10,46,DE
2026-07-12,1165,20,49,FR
2026-07-12,1166,30,44,IT
2026-07-12,1167,40,38,ES
2026-07-12,1168,10,43,DE
2026-07-12,1169,20,3,FR
2026-07-12,1170,30,48,IT
2026-07-12,1171,40,2,ES
2026-07-13,1001,10,2,DE
2026-07-13,1001,20,1,FR
2026-07-13,1002,10,3,DE
2026-07-13,1003,10,8,DE
2026-07-13,1004,20,6,FR
2026-07-13,1005,10,5,DE
2026-07-13,1006,10,4,DE
2026-07-13,1007,10,1,"AT,DE"
2026-07-13,1008,10,4,DE
2026-07-13,1100,10,14,DE
2026-07-13,1101,20,49,FR
2026-07-13,1102,30,68,IT
2026-07-13,1103,40,67,ES
2026-07-13,1104,10,12,DE
2026-07-13,1105,20,10,FR
2026-07-13,1106,30,17,IT
2026-07-13,1107,40,7,ES
2026-07-13,1108,10,42,DE
2026-07-13,1109,20,38,FR
2026-07-13,1110,30,53,IT
2026-07-13,1111,40,39,ES
2026-07-13,1112,10,31,DE
2026-07-13,1113,20,32,FR
2026-07-13,1114,30,69,IT
2026-07-13,1115,40,50,ES
2026-07-13,1116,10,32,DE
2026-07-13,1117,20,53,FR
2026-07-13,1118,30,50,IT
2026-07-13,1119,40,15,ES
2026-07-13,1120,10,0,DE
2026-07-13,1121,20,7,FR
2026-07-13,1122,30,25,IT
2026-07-13,1123,40,57,ES
2026-07-13,1124,10,65,DE
2026-07-13,1125,20,3,FR
2026-07-13,1126,30,19,IT
2026-07-13,1127,40,53,ES
2026-07-13,1128,10,58,DE
2026-07-13,1129,20,20,FR
2026-07-13,1130,30,69,IT
2026-07-13,1131,40,72,ES
2026-07-13,1132,10,46,DE
2026-07-13,1133,20,39,FR
2026-07-13,1134,30,18,IT
2026-07-13,1135,40,14,ES
2026-07-13,1136,10,0,DE
2026-07-13,1137,20,57,FR
2026-07-13,1138,30,3,IT
2026-07-13,1139,40,55,ES
2026-07-13,1140,10,68,DE
2026-07-13,1141,20,56,FR
2026-07-13,1142,30,12,IT
2026-07-13,1143,40,56,ES
2026-07-13,1144,10,46,DE
2026-07-13,1145,20,40,FR
2026-07-13,1146,30,35,IT
2026-07-13,1147,40,49,ES
2026-07-13,1148,10,69,DE
2026-07-13,1149,20,1,FR
2026-07-13,1150,30,14,IT
2026-07-13,1151,40,58,ES
2026-07-13,1152,10,52,DE
2026-07-13,1153,20,50,FR
2026-07-13,1154,30,31,IT
2026-07-13,1155,40,22,ES
2026-07-13,1156,10,64,DE
2026-07-13,1157,20,3,FR
2026-07-13,1158,30,63,IT
2026-07-13,1159,40,3,ES
2026-07-13,1160,10,59,DE
2026-07-13,1161,20,2,FR
2026-07-13,1162,30,59,IT
2026-07-13,1163,40,53,ES
2026-07-13,1164,10,58,DE
2026-07-13,1165,20,35,FR
2026-07-13,1166,30,44,IT
2026-07-13,1167,40,47,ES
2026-07-13,1168,10,40,DE
2026-07-13,1169,20,2,FR
2026-07-13,1170,30,50,IT
2026-07-13,1171,40,14,ES
2026-07-14,1001,10,8,DE
2026-07-14,1001,20,0,FR
2026-07-14,1002,10,4,DE
2026-07-14,1003,10,7,DE
2026-07-14,1004,20,0,FR
2026-07-14,1005,10,6,DE
2026-07-14,1006,10,4,DE
2026-07-14,1007,10,3,"AT,DE"
2026-07-14,1008,10,3,DE
2026-07-14,1100,10,17,DE
2026-07-14,1101,20,46,FR
2026-07-14,1102,30,70,IT
2026-07-14,1103,40,66,ES
2026-07-14,1104,10,4,DE
2026-07-14,1105,20,14,FR
2026-07-14,1106,30,29,IT
2026-07-14,1107,40,11,ES
2026-07-14,1108,10,34,DE
2026-07-14,1109,20,45,FR
2026-07-14,1110,30,48,IT
2026-07-14,1111,40,39,ES
2026-07-14,1112,10,26,DE
2026-07-14,1113,20,27,FR
2026-07-14,1114,30,67,IT
2026-07-14,1115,40,47,ES
2026-07-14,1116,10,37,DE
2026-07-14,1117,20,48,FR
2026-07-14,1118,30,37,IT
2026-07-14,1119,40,14,ES
2026-07-14,1120,10,0,DE
2026-07-14,1121,20,7,FR
2026-07-14,1122,30,22,IT
2026-07-14,1123,40,62,ES
2026-07-14,1124,10,56,DE
2026-07-14,1125,20,3,FR
2026-07-14,1126,30,24,IT
2026-07-14,1127,40,45,ES
2026-07-14,1128,10,54,DE
2026-07-14,1129,20,8,FR
2026-07-14,1130,30,58,IT
2026-07-14,1131,40,59,ES
2026-07-14,1132,10,50,DE
2026-07-14,1133,20,47,FR
2026-07-14,1134,30,16,IT
2026-07-14,1135,40,19,ES
2026-07-14,1136,10,2,DE
2026-07-14,1137,20,52,FR
2026-07-14,1138,30,6,IT
2026-07-14,1139,40,62,ES
2026-07-14,1140,10,66,DE
2026-07-14,1141,20,38,FR
2026-07-14,1142,30,0,IT
2026-07-14,1143,40,56,ES
2026-07-14,1144,10,56,DE
2026-07-14,1145,20,44,FR
2026-07-14,1146,30,40,IT
2026-07-14,1147,40,42,ES
2026-07-14,1148,10,62,DE
2026-07-14,1149,20,6,FR
2026-07-14,1150,30,16,IT
2026-07-14,1151,40,63,ES
2026-07-14,1152,10,45,DE
2026-07-14,1153,20,43,FR
2026-07-14,1154,30,25,IT
2026-07-14,1155,40,24,ES
2026-07-14,1156,10,59,DE
2026-07-14,1157,20,0,FR
2026-07-14,1158,30,61,IT
2026-07-14,1159,40,0,ES
2026-07-14,1160,10,54,DE
2026-07-14,1161,20,2,FR
2026-07-14,1162,30,62,IT
2026-07-14,1163,40,54,ES
2026-07-14,1164,10,53,DE
2026-07-14,1165,20,38,FR
2026-07-14,1166,30,51,IT
2026-07-14,1167,40,45,ES
2026-07-14,1168,10,34,DE
2026-07-14,1169,20,4,FR
2026-07-14,1170,30,47,IT
2026-07-14,1171,40,3,ES
2026-07-15,1001,10,7,DE
2026-07-15,1001,20,4,FR
2026-07-15,1002,10,0,DE
2026-07-15,1003,10,6,DE
2026-07-15,1004,20,1,FR
2026-07-15,1005,10,2,DE
2026-07-15,1006,10,4,DE
2026-07-15,1007,10,5,"AT,DE"
2026-07-15,1008,10,2,DE
2026-07-15,1100,10,23,DE
2026-07-15,1101,20,49,FR
2026-07-15,1102,30,68,IT
2026-07-15,1103,40,8,ES
2026-07-15,1104,10,3,DE
2026-07-15,1105,20,8,FR
2026-07-15,1106,30,23,IT
2026-07-15,1107,40,15,ES
2026-07-15,1108,10,38,DE
2026-07-15,1109,20,40,FR
2026-07-15,1110,30,43,IT
2026-07-15,1111,40,37,ES
2026-07-15,1112,10,16,DE
2026-07-15,1113,20,30,FR
2026-07-15,1114,30,69,IT
2026-07-15,1115,40,54,ES
2026-07-15,1116,10,39,DE
2026-07-15,1117,20,47,FR
2026-07-15,1118,30,46,IT
2026-07-15,1119,40,9,ES
2026-07-15,1120,10,2,DE
2026-07-15,1121,20,8,FR
2026-07-15,1122,30,27,IT
2026-07-15,1123,40,49,ES
2026-07-15,1124,10,53,DE
2026-07-15,1125,20,9,FR
2026-07-15,1126,30,21,IT
2026-07-15,1127,40,58,ES
2026-07-15,1128,10,66,DE
2026-07-15,1129,20,7,FR
2026-07-15,1130,30,63,IT
2026-07-15,1131,40,65,ES
2026-07-15,1132,10,39,DE
2026-07-15,1133,20,37,FR
2026-07-15,1134,30,20,IT
2026-07-15,1135,40,6,ES
2026-07-15,1136,10,5,DE
2026-07-15,1137,20,62,FR
2026-07-15,1138,30,3,IT
2026-07-15,1139,40,51,ES
2026-07-15,1140,10,33,DE
2026-07-15,1141,20,43,FR
2026-07-15,1142,30,10,IT
2026-07-15,1143,40,47,ES
2026-07-15,1144,10,52,DE
2026-07-15,1145,20,52,FR
2026-07-15,1146,30,40,IT
2026-07-15,1147,40,54,ES
2026-07-15,1148,10,58,DE
2026-07-15,1149,20,3,FR
2026-07-15,1150,30,9,IT
2026-07-15,1151,40,60,ES
2026-07-15,1152,10,50,DE
2026-07-15,1153,20,37,FR
2026-07-15,1154,30,24,IT
2026-07-15,1155,40,19,ES
2026-07-15,1156,10,72,DE
2026-07-15,1157,20,4,FR
2026-07-15,1158,30,64,IT
2026-07-15,1159,40,2,ES
2026-07-15,1160,10,59,DE
2026-07-15,1161,20,9,FR
2026-07-15,1162,30,53,IT
2026-07-15,1163,40,56,ES
2026-07-15,1164,10,41,DE
2026-07-15,1165,20,48,FR
2026-07-15,1166,30,51,IT
2026-07-15,1167,40,34,ES
2026-07-15,1168,10,35,DE
2026-07-15,1169,20,10,FR
2026-07-15,1170,30,40,IT
2026-07-15,1171,40,10,ES
2026-07-16,1001,10,6,DE
2026-07-16,1001,20,3,FR
2026-07-16,1002,10,1,DE
2026-07-16,1003,10,5,DE
2026-07-16,1004,20,2,FR
2026-07-16,1005,10,3,DE
2026-07-16,1006,10,4,DE
2026-07-16,1007,10,3,"AT,DE"
2026-07-16,1008,10,1,DE
2026-07-16,1100,10,13,DE
2026-07-16,1101,20,55,FR
2026-07-16,1102,30,61,IT
2026-07-16,1103,40,16,ES
2026-07-16,1104,10,0,DE
2026-07-16,1105,20,5,FR
2026-07-16,1106,30,21,IT
2026-07-16,1107,40,5,ES
2026-07-16,1108,10,41,DE
2026-07-16,1109,20,30,FR
2026-07-16,1110,30,49,IT
2026-07-16,1111,40,36,ES
2026-07-16,1112,10,28,DE
2026-07-16,1113,20,22,FR
2026-07-16,1114,30,54,IT
2026-07-16,1115,40,45,ES
2026-07-16,1116,10,36,DE
2026-07-16,1117,20,60,FR
2026-07-16,1118,30,43,IT
2026-07-16,1119,40,11,ES
2026-07-16,1120,10,1,DE
2026-07-16,1121,20,8,FR
2026-07-16,1122,30,27,IT
2026-07-16,1123,40,54,ES
2026-07-16,1124,10,72,DE
2026-07-16,1125,20,13,FR
2026-07-16,1126,30,23,IT
2026-07-16,1127,40,52,ES
2026-07-16,1128,10,61,DE
2026-07-16,1129,20,12,FR
2026-07-16,1130,30,56,IT
2026-07-16,1131,40,61,ES
2026-07-16,1132,10,46,DE
2026-07-16,1133,20,42,FR
2026-07-16,1134,30,14,IT
2026-07-16,1135,40,20,ES
2026-07-16,1136,10,7,DE
2026-07-16,1137,20,65,FR
2026-07-16,1138,30,5,IT
2026-07-16,1139,40,60,ES
2026-07-16,1140,10,27,DE
2026-07-16,1141,20,53,FR
2026-07-16,1142,30,15,IT
2026-07-16,1143,40,50,ES
2026-07-16,1144,10,47,DE
2026-07-16,1145,20,38,FR
2026-07-16,1146,30,32,IT
2026-07-16,1147,40,50,ES
2026-07-16,1148,10,56,DE
2026-07-16,1149,20,1,FR
2026-07-16,1150,30,8,IT
2026-07-16,1151,40,63,ES
2026-07-16,1152,10,47,DE
2026-07-16,1153,20,37,FR
2026-07-16,1154,30,33,IT
2026-07-16,1155,40,27,ES
2026-07-16,1156,10,59,DE
2026-07-16,1157,20,0,FR
2026-07-16,1158,30,67,IT
2026-07-16,1159,40,1,ES
2026-07-16,1160,10,62,DE
2026-07-16,1161,20,11,FR
2026-07-16,1162,30,52,IT
2026-07-16,1163,40,55,ES
2026-07-16,1164,10,55,DE
2026-07-16,1165,20,45,FR
2026-07-16,1166,30,45,IT
2026-07-16,1167,40,34,ES
2026-07-16,1168,10,41,DE
2026-07-16,1169,20,0,FR
2026-07-16,1170,30,40,IT
2026-07-16,1171,40,3,ES
2026-07-17,1001,10,5,DE
2026-07-17,1001,20,2,FR
2026-07-17,1002,10,2,DE
2026-07-17,1003,10,4,DE
2026-07-17,1004,20,3,FR
2026-07-17,1005,10,4,DE
2026-07-17,1006,10,4,DE
2026-07-17,1007,10,5,"AT,DE"
2026-07-17,1008,10,0,DE
2026-07-17,1100,10,11,DE
2026-07-17,1101,20,57,FR
2026-07-17,1102,30,66,IT
2026-07-17,1103,40,13,ES
2026-07-17,1104,10,0,DE
2026-07-17,1105,20,7,FR
2026-07-17,1106,30,14,IT
2026-07-17,1107,40,6,ES
2026-07-17,1108,10,36,DE
2026-07-17,1109,20,38,FR
2026-07-17,1110,30,46,IT
2026-07-17,1111,40,34,ES
2026-07-17,1112,10,22,DE
2026-07-17,1113,20,28,FR
2026-07-17,1114,30,63,IT
2026-07-17,1115,40,46,ES
2026-07-17,1116,10,36,DE
2026-07-17,1117,20,51,FR
2026-07-17,1118,30,35,IT
2026-07-17,1119,40,9,ES
2026-07-17,1120,10,4,DE
2026-07-17,1121,20,7,FR
2026-07-17,1122,30,19,IT
2026-07-17,1123,40,56,ES
2026-07-17,1124,10,53,DE
2026-07-17,1125,20,7,FR
2026-07-17,1126,30,21,IT
2026-07-17,1127,40,55,ES
2026-07-17,1128,10,56,DE
2026-07-17,1129,20,12,FR
2026-07-17,1130,30,64,IT
2026-07-17,1131,40,65,ES
2026-07-17,1132,10,44,DE
2026-07-17,1133,20,38,FR
2026-07-17,1134,30,23,IT
2026-07-17,1135,40,23,ES
2026-07-17,1136,10,2,DE
2026-07-17,1137,20,60,FR
2026-07-17,1138,30,11,IT
2026-07-17,1139,40,54,ES
2026-07-17,1140,10,33,DE
2026-07-17,1141,20,40,FR
2026-07-17,1142,30,13,IT
2026-07-17,1143,40,49,ES
2026-07-17,1144,10,53,DE
2026-07-17,1145,20,48,FR
2026-07-17,1146,30,24,IT
2026-07-17,1147,40,50,ES
2026-07-17,1148,10,57,DE
2026-07-17,1149,20,2,FR
2026-07-17,1150,30,12,IT
2026-07-17,1151,40,54,ES
2026-07-17,1152,10,44,DE
2026-07-17,1153,20,43,FR
2026-07-17,1154,30,27,IT
2026-07-17,1155,40,22,ES
2026-07-17,1156,10,62,DE
2026-07-17,1157,20,0,FR
2026-07-17,1158,30,66,IT
2026-07-17,1159,40,0,ES
2026-07-17,1160,10,48,DE
2026-07-17,1161,20,2,FR
2026-07-17,1162,30,66,IT
2026-07-17,1163,40,59,ES
2026-07-17,1164,10,44,DE
2026-07-17,1165,20,32,FR
2026-07-17,1166,30,43,IT
2026-07-17,1167,40,42,ES
2026-07-17,1168,10,48,DE
2026-07-17,1169,20,0,FR
2026-07-17,1170,30,34,IT
2026-07-17,1171,40,1,ES
2026-07-18,1001,10,4,DE
2026-07-18,1001,20,1,FR
2026-07-18,1002,10,3,DE
2026-07-18,1003,10,3,DE
2026-07-18,1004,20,4,FR
2026-07-18,1005,10,5,DE
2026-07-18,1006,10,4,DE
2026-07-18,1007,10,2,"AT,DE"
2026-07-18,1008,10,5,DE
2026-07-18,1100,10,7,DE
2026-07-18,1101,20,47,FR
2026-07-18,1102,30,60,IT
2026-07-18,1103,40,19,ES
2026-07-18,1104,10,0,DE
2026-07-18,1105,20,11,FR
2026-07-18,1106,30,20,IT
2026-07-18,1107,40,17,ES
2026-07-18,1108,10,26,DE
2026-07-18,1109,20,46,FR
2026-07-18,1110,30,49,IT
2026-07-18,1111,40,25,ES
2026-07-18,1112,10,15,DE
2026-07-18,1113,20,20,FR
2026-07-18,1114,30,58,IT
2026-07-18,1115,40,48,ES
2026-07-18,1116,10,35,DE
2026-07-18,1117,20,60,FR
2026-07-18,1118,30,39,IT
2026-07-18,1119,40,16,ES
2026-07-18,1120,10,0,DE
2026-07-18,1121,20,9,FR
2026-07-18,1122,30,21,IT
2026-07-18,1123,40,56,ES
2026-07-18,1124,10,55,DE
2026-07-18,1125,20,8,FR
2026-07-18,1126,30,30,IT
2026-07-18,1127,40,49,ES
2026-07-18,1128,10,63,DE
2026-07-18,1129,20,15,FR
2026-07-18,1130,30,54,IT
2026-07-18,1131,40,53,ES
2026-07-18,1132,10,35,DE
2026-07-18,1133,20,49,FR
2026-07-18,1134,30,17,IT
2026-07-18,1135,40,16,ES
2026-07-18,1136,10,5,DE
2026-07-18,1137,20,62,FR
2026-07-18,1138,30,8,IT
2026-07-18,1139,40,50,ES
2026-07-18,1140,10,28,DE
2026-07-18,1141,20,37,FR
2026-07-18,1142,30,8,IT
2026-07-18,1143,40,51,ES
2026-07-18,1144,10,51,DE
2026-07-18,1145,20,40,FR
2026-07-18,1146,30,28,IT
2026-07-18,1147,40,51,ES
2026-07-18,1148,10,53,DE
2026-07-18,1149,20,5,FR
2026-07-18,1150,30,2,IT
2026-07-18,1151,40,51,ES
2026-07-18,1152,10,59,DE
2026-07-18,1153,20,36,FR
2026-07-18,1154,30,33,IT
2026-07-18,1155,40,13,ES
2026-07-18,1156,10,63,DE
2026-07-18,1157,20,0,FR
2026-07-18,1158,30,60,IT
2026-07-18,1159,40,2,ES
2026-07-18,1160,10,62,DE
2026-07-18,1161,20,2,FR
2026-07-18,1162,30,56,IT
2026-07-18,1163,40,57,ES
2026-07-18,1164,10,51,DE
2026-07-18,1165,20,35,FR
2026-07-18,1166,30,34,IT
2026-07-18,1167,40,36,ES
2026-07-18,1168,10,42,DE
2026-07-18,1169,20,0,FR
2026-07-18,1170,30,43,IT
2026-07-18,1171,40,0,ES
2026-07-19,1001,10,3,DE
2026-07-19,1001,20,0,FR
2026-07-19,1002,10,4,DE
2026-07-19,1003,10,2,DE
2026-07-19,1004,20,5,FR
2026-07-19,1005,10,6,DE
2026-07-19,1006,10,4,DE
2026-07-19,1007,10,4,"AT,DE"
2026-07-19,1008,10,4,DE
2026-07-19,1100,10,13,DE
2026-07-19,1101,20,46,FR
2026-07-19,1102,30,52,IT
2026-07-19,1103,40,19,ES
2026-07-19,1104,10,5,DE
2026-07-19,1105,20,8,FR
2026-07-19,1106,30,17,IT
2026-07-19,1107,40,20,ES
2026-07-19,1108,10,42,DE
2026-07-19,1109,20,33,FR
2026-07-19,1110,30,44,IT
2026-07-19,1111,40,38,ES
2026-07-19,1112,10,24,DE
2026-07-19,1113,20,24,FR
2026-07-19,1114,30,64,IT
2026-07-19,1115,40,47,ES
2026-07-19,1116,10,28,DE
2026-07-19,1117,20,47,FR
2026-07-19,1118,30,45,IT
2026-07-19,1119,40,5,ES
2026-07-19,1120,10,0,DE
2026-07-19,1121,20,12,FR
2026-07-19,1122,30,27,IT
2026-07-19,1123,40,50,ES
2026-07-19,1124,10,56,DE
2026-07-19,1125,20,7,FR
2026-07-19,1126,30,9,IT
2026-07-19,1127,40,53,ES
2026-07-19,1128,10,54,DE
2026-07-19,1129,20,11,FR
2026-07-19,1130,30,54,IT
2026-07-19,1131,40,62,ES
2026-07-19,1132,10,36,DE
2026-07-19,1133,20,41,FR
2026-07-19,1134,30,14,IT
2026-07-19,1135,40,15,ES
2026-07-19,1136,10,0,DE
2026-07-19,1137,20,56,FR
2026-07-19,1138,30,5,IT
2026-07-19,1139,40,57,ES
2026-07-19,1140,10,34,DE
2026-07-19,1141,20,42,FR
2026-07-19,1142,30,9,IT
2026-07-19,1143,40,38,ES
2026-07-19,1144,10,44,DE
2026-07-19,1145,20,44,FR
2026-07-19,1146,30,41,IT
2026-07-19,1147,40,34,ES
2026-07-19,1148,10,57,DE
2026-07-19,1149,20,3,FR
2026-07-19,1150,30,5,IT
2026-07-19,1151,40,54,ES
2026-07-19,1152,10,51,DE
2026-07-19,1153,20,33,FR
2026-07-19,1154,30,23,IT
2026-07-19,1155,40,20,ES
2026-07-19,1156,10,59,DE
2026-07-19,1157,20,0,FR
2026-07-19,1158,30,62,IT
2026-07-19,1159,40,0,ES
2026-07-19,1160,10,59,DE
2026-07-19,1161,20,3,FR
2026-07-19,1162,30,88,IT
2026-07-19,1163,40,56,ES
2026-07-19,1164,10,47,DE
2026-07-19,1165,20,44,FR
2026-07-19,1166,30,32,IT
2026-07-19,1167,40,34,ES
2026-07-19,1168,10,31,DE
2026-07-19,1169,20,4,FR
2026-07-19,1170,30,34,IT
2026-07-19,1171,40,2,ES
2026-07-20,1001,10,2,DE
2026-07-20,1001,20,4,FR
2026-07-20,1002,10,0,DE
2026-07-20,1003,10,11,DE
2026-07-20,1004,20,6,FR
2026-07-20,1005,10,2,DE
2026-07-20,1006,10,4,DE
2026-07-20,1007,10,2,"AT,DE"
2026-07-20,1008,10,3,DE
2026-07-20,1100,10,19,DE
2026-07-20,1101,20,57,FR
2026-07-20,1102,30,65,IT
2026-07-20,1103,40,11,ES
2026-07-20,1104,10,0,DE
2026-07-20,1105,20,3,FR
2026-07-20,1106,30,23,IT
2026-07-20,1107,40,6,ES
2026-07-20,1108,10,39,DE
2026-07-20,1109,20,31,FR
2026-07-20,1110,30,56,IT
2026-07-20,1111,40,34,ES
2026-07-20,1112,10,23,DE
2026-07-20,1113,20,17,FR
2026-07-20,1114,30,59,IT
2026-07-20,1115,40,51,ES
2026-07-20,1116,10,30,DE
2026-07-20,1117,20,45,FR
2026-07-20,1118,30,45,IT
2026-07-20,1119,40,9,ES
2026-07-20,1120,10,0,DE
2026-07-20,1121,20,8,FR
2026-07-20,1122,30,14,IT
2026-07-20,1123,40,57,ES
2026-07-20,1124,10,49,DE
2026-07-20,1125,20,8,FR
2026-07-20,1126,30,7,IT
2026-07-20,1127,40,53,ES
2026-07-20,1128,10,56,DE
2026-07-20,1129,20,10,FR
2026-07-20,1130,30,60,IT
2026-07-20,1131,40,53,ES
2026-07-20,1132,10,33,DE
2026-07-20,1133,20,31,FR
2026-07-20,1134,30,8,IT
2026-07-20,1135,40,12,ES
2026-07-20,1136,10,6,DE
2026-07-20,1137,20,67,FR
2026-07-20,1138,30,5,IT
2026-07-20,1139,40,58,ES
2026-07-20,1140,10,22,DE
2026-07-20,1141,20,53,FR
2026-07-20,1142,30,7,IT
2026-07-20,1143,40,39,ES
2026-07-20,1144,10,54,DE
2026-07-20,1145,20,43,FR
2026-07-20,1146,30,42,IT
2026-07-20,1147,40,54,ES
2026-07-20,1148,10,59,DE
2026-07-20,1149,20,2,FR
2026-07-20,1150,30,2,IT
2026-07-20,1151,40,53,ES
2026-07-20,1152,10,38,DE
2026-07-20,1153,20,43,FR
2026-07-20,1154,30,21,IT
2026-07-20,1155,40,21,ES
2026-07-20,1156,10,59,DE
2026-07-20,1157,20,6,FR
2026-07-20,1158,30,61,IT
2026-07-20,1159,40,0,ES
2026-07-20,1160,10,58,DE
2026-07-20,1161,20,9,FR
2026-07-20,1162,30,87,IT
2026-07-20,1163,40,63,ES
2026-07-20,1164,10,50,DE
2026-07-20,1165,20,31,FR
2026-07-20,1166,30,49,IT
2026-07-20,1167,40,30,ES
2026-07-20,1168,10,34,DE
2026-07-20,1169,20,0,FR
2026-07-20,1170,30,36,IT
2026-07-20,1171,40,7,ES
2026-07-21,1001,10,8,DE
2026-07-21,1001,20,3,FR
2026-07-21,1002,10,1,DE
2026-07-21,1003,10,10,DE
2026-07-21,1004,20,0,FR
2026-07-21,1005,10,3,DE
2026-07-21,1006,10,4,DE
2026-07-21,1007,10,4,"AT,DE"
2026-07-21,1008,10,2,DE
2026-07-21,1100,10,15,DE
2026-07-21,1101,20,35,FR
2026-07-21,1102,30,54,IT
2026-07-21,1103,40,0,ES
2026-07-21,1104,10,12,DE
2026-07-21,1105,20,4,FR
2026-07-21,1106,30,22,IT
2026-07-21,1107,40,2,ES
2026-07-21,1108,10,28,DE
2026-07-21,1109,20,39,FR
2026-07-21,1110,30,39,IT
2026-07-21,1111,40,45,ES
2026-07-21,1112,10,24,DE
2026-07-21,1113,20,25,FR
2026-07-21,1114,30,60,IT
2026-07-21,1115,40,42,ES
2026-07-21,1116,10,32,DE
2026-07-21,1117,20,62,FR
2026-07-21,1118,30,36,IT
2026-07-21,1119,40,14,ES
2026-07-21,1120,10,0,DE
2026-07-21,1121,20,7,FR
2026-07-21,1122,30,16,IT
2026-07-21,1123,40,49,ES
2026-07-21,1124,10,60,DE
2026-07-21,1125,20,11,FR
2026-07-21,1126,30,13,IT
2026-07-21,1127,40,36,ES
2026-07-21,1128,10,44,DE
2026-07-21,1129,20,11,FR
2026-07-21,1130,30,62,IT
2026-07-21,1131,40,60,ES
2026-07-21,1132,10,29,DE
2026-07-21,1133,20,49,FR
2026-07-21,1134,30,6,IT
2026-07-21,1135,40,0,ES
2026-07-21,1136,10,0,DE
2026-07-21,1137,20,64,FR
2026-07-21,1138,30,4,IT
2026-07-21,1139,40,58,ES
2026-07-21,1140,10,22,DE
2026-07-21,1141,20,45,FR
2026-07-21,1142,30,1,IT
2026-07-21,1143,40,40,ES
2026-07-21,1144,10,41,DE
2026-07-21,1145,20,37,FR
2026-07-21,1146,30,31,IT
2026-07-21,1147,40,51,ES
2026-07-21,1148,10,49,DE
2026-07-21,1149,20,3,FR
2026-07-21,1150,30,0,IT
2026-07-21,1151,40,60,ES
2026-07-21,1152,10,41,DE
2026-07-21,1153,20,39,FR
2026-07-21,1154,30,31,IT
2026-07-21,1155,40,22,ES
2026-07-21,1156,10,55,DE
2026-07-21,1157,20,0,FR
2026-07-21,1158,30,63,IT
2026-07-21,1159,40,11,ES
2026-07-21,1160,10,48,DE
2026-07-21,1161,20,0,FR
2026-07-21,1162,30,86,IT
2026-07-21,1163,40,60,ES
2026-07-21,1164,10,34,DE
2026-07-21,1165,20,37,FR
2026-07-21,1166,30,50,IT
2026-07-21,1167,40,34,ES
2026-07-21,1168,10,47,DE
2026-07-21,1169,20,1,FR
2026-07-21,1170,30,31,IT
2026-07-21,1171,40,0,ES
2026-07-22,1001,10,7,DE
2026-07-22,1001,20,2,FR
2026-07-22,1002,10,2,DE
2026-07-22,1003,10,9,DE
2026-07-22,1004,20,1,FR
2026-07-22,1005,10,4,DE
2026-07-22,1006,10,4,DE
2026-07-22,1007,10,6,"AT,DE"
2026-07-22,1008,10,1,DE
2026-07-22,1100,10,7,DE
2026-07-22,1101,20,48,FR
2026-07-22,1102,30,60,IT
2026-07-22,1103,40,6,ES
2026-07-22,1104,10,1,DE
2026-07-22,1105,20,16,FR
2026-07-22,1106,30,24,IT
2026-07-22,1107,40,0,ES
2026-07-22,1108,10,36,DE
2026-07-22,1109,20,35,FR
2026-07-22,1110,30,48,IT
2026-07-22,1111,40,29,ES
2026-07-22,1112,10,135,DE
2026-07-22,1113,20,27,FR
2026-07-22,1114,30,64,IT
2026-07-22,1115,40,53,ES
2026-07-22,1116,10,31,DE
2026-07-22,1117,20,39,FR
2026-07-22,1118,30,37,IT
2026-07-22,1119,40,14,ES
2026-07-22,1120,10,0,DE
2026-07-22,1121,20,0,FR
2026-07-22,1122,30,23,IT
2026-07-22,1123,40,41,ES
2026-07-22,1124,10,68,DE
2026-07-22,1125,20,0,FR
2026-07-22,1126,30,13,IT
2026-07-22,1127,40,52,ES
2026-07-22,1128,10,42,DE
2026-07-22,1129,20,9,FR
2026-07-22,1130,30,59,IT
2026-07-22,1131,40,46,ES
2026-07-22,1132,10,32,DE
2026-07-22,1133,20,34,FR
2026-07-22,1134,30,17,IT
2026-07-22,1135,40,2,ES
2026-07-22,1136,10,0,DE
2026-07-22,1137,20,60,FR
2026-07-22,1138,30,0,IT
2026-07-22,1139,40,56,ES
2026-07-22,1140,10,23,DE
2026-07-22,1141,20,55,FR
2026-07-22,1142,30,0,IT
2026-07-22,1143,40,48,ES
2026-07-22,1144,10,51,DE
2026-07-22,1145,20,40,FR
2026-07-22,1146,30,21,IT
2026-07-22,1147,40,55,ES
2026-07-22,1148,10,49,DE
2026-07-22,1149,20,0,FR
2026-07-22,1150,30,5,IT
2026-07-22,1151,40,59,ES
2026-07-22,1152,10,33,DE
2026-07-22,1153,20,37,FR
2026-07-22,1154,30,29,IT
2026-07-22,1155,40,22,ES
2026-07-22,1156,10,54,DE
2026-07-22,1157,20,4,FR
2026-07-22,1158,30,50,IT
2026-07-22,1159,40,3,ES
2026-07-22,1160,10,38,DE
2026-07-22,1161,20,4,FR
2026-07-22,1162,30,85,IT
2026-07-22,1163,40,55,ES
2026-07-22,1164,10,53,DE
2026-07-22,1165,20,43,FR
2026-07-22,1166,30,46,IT
2026-07-22,1167,40,36,ES
2026-07-22,1168,10,33,DE
2026-07-22,1169,20,0,FR
2026-07-22,1170,30,43,IT
2026-07-22,1171,40,0,ES
2026-07-23,1001,10,6,DE
2026-07-23,1001,20,1,FR
2026-07-23,1002,10,3,DE
2026-07-23,1003,10,8,DE
2026-07-23,1004,20,2,FR
2026-07-23,1005,10,5,DE
2026-07-23,1006,10,4,DE
2026-07-23,1007,10,3,"AT,DE"
2026-07-23,1008,10,0,DE
2026-07-23,1100,10,9,DE
2026-07-23,1101,20,41,FR
2026-07-23,1102,30,70,IT
2026-07-23,1103,40,19,ES
2026-07-23,1104,10,0,DE
2026-07-23,1105,20,0,FR
2026-07-23,1106,30,27,IT
2026-07-23,1107,40,0,ES
2026-07-23,1108,10,34,DE
2026-07-23,1109,20,40,FR
2026-07-23,1110,30,36,IT
2026-07-23,1111,40,37,ES
2026-07-23,1112,10,133,DE
2026-07-23,1113,20,17,FR
2026-07-23,1114,30,71,IT
2026-07-23,1115,40,52,ES
2026-07-23,1116,10,29,DE
2026-07-23,1117,20,49,FR
2026-07-23,1118,30,30,IT
2026-07-23,1119,40,14,ES
2026-07-23,1120,10,0,DE
2026-07-23,1121,20,11,FR
2026-07-23,1122,30,18,IT
2026-07-23,1123,40,45,ES
2026-07-23,1124,10,53,DE
2026-07-23,1125,20,0,FR
2026-07-23,1126,30,23,IT
2026-07-23,1127,40,40,ES
2026-07-23,1128,10,61,DE
2026-07-23,1129,20,0,FR
2026-07-23,1130,30,62,IT
2026-07-23,1131,40,56,ES
2026-07-23,1132,10,46,DE
2026-07-23,1133,20,44,FR
2026-07-23,1134,30,20,IT
2026-07-23,1135,40,3,ES
2026-07-23,1136,10,5,DE
2026-07-23,1137,20,60,FR
2026-07-23,1138,30,0,IT
2026-07-23,1139,40,58,ES
2026-07-23,1140,10,30,DE
2026-07-23,1141,20,48,FR
2026-07-23,1142,30,2,IT
2026-07-23,1143,40,44,ES
2026-07-23,1144,10,55,DE
2026-07-23,1145,20,36,FR
2026-07-23,1146,30,19,IT
2026-07-23,1147,40,54,ES
2026-07-23,1148,10,54,DE
2026-07-23,1149,20,4,FR
2026-07-23,1150,30,17,IT
2026-07-23,1151,40,46,ES
2026-07-23,1152,10,33,DE
2026-07-23,1153,20,35,FR
2026-07-23,1154,30,18,IT
2026-07-23,1155,40,11,ES
2026-07-23,1156,10,67,DE
2026-07-23,1157,20,3,FR
2026-07-23,1158,30,58,IT
2026-07-23,1159,40,6,ES
2026-07-23,1160,10,59,DE
2026-07-23,1161,20,6,FR
2026-07-23,1162,30,84,IT
2026-07-23,1163,40,56,ES
2026-07-23,1164,10,40,DE
2026-07-23,1165,20,43,FR
2026-07-23,1166,30,44,IT
2026-07-23,1167,40,43,ES
2026-07-23,1168,10,46,DE
2026-07-23,1169,20,0,FR
2026-07-23,1170,30,31,IT
2026-07-23,1171,40,0,ES
2026-07-24,1001,10,5,DE
2026-07-24,1001,20,0,FR
2026-07-24,1002,10,4,DE
2026-07-24,1003,10,7,DE
2026-07-24,1004,20,3,FR
2026-07-24,1005,10,6,DE
2026-07-24,1006,10,4,DE
2026-07-24,1007,10,1,"AT,DE"
2026-07-24,1008,10,5,DE
2026-07-24,1100,10,1,DE
2026-07-24,1101,20,42,FR
2026-07-24,1102,30,64,IT
2026-07-24,1103,40,4,ES
2026-07-24,1104,10,0,DE
2026-07-24,1105,20,8,FR
2026-07-24,1106,30,15,IT
2026-07-24,1107,40,0,ES
2026-07-24,1108,10,39,DE
2026-07-24,1109,20,42,FR
2026-07-24,1110,30,39,IT
2026-07-24,1111,40,43,ES
2026-07-24,1112,10,132,DE
2026-07-24,1113,20,35,FR
2026-07-24,1114,30,61,IT
2026-07-24,1115,40,37,ES
2026-07-24,1116,10,19,DE
2026-07-24,1117,20,35,FR
2026-07-24,1118,30,38,IT
2026-07-24,1119,40,4,ES
2026-07-24,1120,10,0,DE
2026-07-24,1121,20,7,FR
2026-07-24,1122,30,15,IT
2026-07-24,1123,40,51,ES
2026-07-24,1124,10,45,DE
2026-07-24,1125,20,0,FR
2026-07-24,1126,30,16,IT
2026-07-24,1127,40,46,ES
2026-07-24,1128,10,51,DE
2026-07-24,1129,20,0,FR
2026-07-24,1130,30,58,IT
2026-07-24,1131,40,57,ES
2026-07-24,1132,10,41,DE
2026-07-24,1133,20,37,FR
2026-07-24,1134,30,12,IT
2026-07-24,1135,40,9,ES
2026-07-24,1136,10,0,DE
2026-07-24,1137,20,55,FR
2026-07-24,1138,30,10,IT
2026-07-24,1139,40,47,ES
2026-07-24,1140,10,35,DE
2026-07-24,1141,20,49,FR
2026-07-24,1142,30,7,IT
2026-07-24,1143,40,48,ES
2026-07-24,1144,10,35,DE
2026-07-24,1145,20,32,FR
2026-07-24,1146,30,13,IT
2026-07-24,1147,40,44,ES
2026-07-24,1148,10,50,DE
2026-07-24,1149,20,7,FR
2026-07-24,1150,30,10,IT
2026-07-24,1151,40,55,ES
2026-07-24,1152,10,52,DE
2026-07-24,1153,20,32,FR
2026-07-24,1154,30,32,IT
2026-07-24,1155,40,7,ES
2026-07-24,1156,10,66,DE
2026-07-24,1157,20,0,FR
2026-07-24,1158,30,49,IT
2026-07-24,1159,40,0,ES
2026-07-24,1160,10,48,DE
2026-07-24,1161,20,0,FR
2026-07-24,1162,30,56,IT
2026-07-24,1163,40,55,ES
2026-07-24,1164,10,37,DE
2026-07-24,1165,20,41,FR
2026-07-24,1166,30,40,IT
2026-07-24,1167,40,35,ES
2026-07-24,1168,10,40,DE
2026-07-24,1169,20,3,FR
2026-07-24,1170,30,32,IT
2026-07-24,1171,40,0,ES
2026-07-25,1001,10,4,DE
2026-07-25,1001,20,4,FR
2026-07-25,1002,10,0,DE
2026-07-25,1003,10,6,DE
2026-07-25,1004,20,4,FR
2026-07-25,1005,10,2,DE
2026-07-25,1006,10,4,DE
2026-07-25,1007,10,3,"AT,DE"
2026-07-25,1008,10,4,DE
2026-07-25,1100,10,13,DE
2026-07-25,1101,20,37,FR
2026-07-25,1102,30,69,IT
2026-07-25,1103,40,6,ES
2026-07-25,1104,10,0,DE
2026-07-25,1105,20,0,FR
2026-07-25,1106,30,16,IT
2026-07-25,1107,40,7,ES
2026-07-25,1108,10,20,DE
2026-07-25,1109,20,45,FR
2026-07-25,1110,30,35,IT
2026-07-25,1111,40,40,ES
2026-07-25,1112,10,131,DE
2026-07-25,1113,20,25,FR
2026-07-25,1114,30,62,IT
2026-07-25,1115,40,45,ES
2026-07-25,1116,10,16,DE
2026-07-25,1117,20,35,FR
2026-07-25,1118,30,37,IT
2026-07-25,1119,40,5,ES
2026-07-25,1120,10,0,DE
2026-07-25,1121,20,0,FR
2026-07-25,1122,30,23,IT
2026-07-25,1123,40,42,ES
2026-07-25,1124,10,50,DE
2026-07-25,1125,20,0,FR
2026-07-25,1126,30,7,IT
2026-07-25,1127,40,54,ES
2026-07-25,1128,10,49,DE
2026-07-25,1129,20,8,FR
2026-07-25,1130,30,53,IT
2026-07-25,1131,40,69,ES
2026-07-25,1132,10,38,DE
2026-07-25,1133,20,33,FR
2026-07-25,1134,30,12,IT
2026-07-25,1135,40,8,ES
2026-07-25,1136,10,0,DE
2026-07-25,1137,20,64,FR
2026-07-25,1138,30,0,IT
2026-07-25,1139,40,49,ES
2026-07-25,1140,10,28,DE
2026-07-25,1141,20,170,FR
2026-07-25,1142,30,0,IT
2026-07-25,1143,40,48,ES
2026-07-25,1144,10,36,DE
2026-07-25,1145,20,45,FR
2026-07-25,1146,30,16,IT
2026-07-25,1147,40,40,ES
2026-07-25,1148,10,61,DE
2026-07-25,1149,20,0,FR
2026-07-25,1150,30,15,IT
2026-07-25,1151,40,60,ES
2026-07-25,1152,10,41,DE
2026-07-25,1153,20,38,FR
2026-07-25,1154,30,24,IT
2026-07-25,1155,40,6,ES
2026-07-25,1156,10,58,DE
2026-07-25,1157,20,0,FR
2026-07-25,1158,30,50,IT
2026-07-25,1159,40,0,ES
2026-07-25,1160,10,40,DE
2026-07-25,1161,20,4,FR
2026-07-25,1162,30,62,IT
2026-07-25,1163,40,38,ES
2026-07-25,1164,10,40,DE
2026-07-25,1165,20,26,FR
2026-07-25,1166,30,51,IT
2026-07-25,1167,40,35,ES
2026-07-25,1168,10,27,DE
2026-07-25,1169,20,0,FR
2026-07-25,1170,30,38,IT
2026-07-25,1171,40,0,ES
2026-07-26,1001,10,3,DE
2026-07-26,1001,20,3,FR
2026-07-26,1002,10,1,DE
2026-07-26,1003,10,5,DE
2026-07-26,1004,20,5,FR
2026-07-26,1005,10,3,DE
2026-07-26,1006,10,4,DE
2026-07-26,1007,10,5,"AT,DE"
2026-07-26,1008,10,3,DE
2026-07-26,1100,10,0,DE
2026-07-26,1101,20,45,FR
2026-07-26,1102,30,57,IT
2026-07-26,1103,40,15,ES
2026-07-26,1104,10,0,DE
2026-07-26,1105,20,0,FR
2026-07-26,1106,30,18,IT
2026-07-26,1107,40,9,ES
2026-07-26,1108,10,25,DE
2026-07-26,1109,20,44,FR
2026-07-26,1110,30,51,IT
2026-07-26,1111,40,36,ES
2026-07-26,1112,10,130,DE
2026-07-26,1113,20,23,FR
2026-07-26,1114,30,59,IT
2026-07-26,1115,40,49,ES
2026-07-26,1116,10,24,DE
2026-07-26,1117,20,43,FR
2026-07-26,1118,30,28,IT
2026-07-26,1119,40,4,ES
2026-07-26,1120,10,0,DE
2026-07-26,1121,20,0,FR
2026-07-26,1122,30,16,IT
2026-07-26,1123,40,50,ES
2026-07-26,1124,10,60,DE
2026-07-26,1125,20,0,FR
2026-07-26,1126,30,21,IT
2026-07-26,1127,40,31,ES
2026-07-26,1128,10,49,DE
2026-07-26,1129,20,9,FR
2026-07-26,1130,30,46,IT
2026-07-26,1131,40,56,ES
2026-07-26,1132,10,34,DE
2026-07-26,1133,20,37,FR
2026-07-26,1134,30,9,IT
2026-07-26,1135,40,0,ES
2026-07-26,1136,10,2,DE
2026-07-26,1137,20,49,FR
2026-07-26,1138,30,0,IT
2026-07-26,1139,40,56,ES
2026-07-26,1140,10,33,DE
2026-07-26,1141,20,168,FR
2026-07-26,1142,30,5,IT
2026-07-26,1143,40,54,ES
2026-07-26,1144,10,48,DE
2026-07-26,1145,20,44,FR
2026-07-26,1146,30,19,IT
2026-07-26,1147,40,39,ES
2026-07-26,1148,10,56,DE
2026-07-26,1149,20,0,FR
2026-07-26,1150,30,20,IT
2026-07-26,1151,40,58,ES
2026-07-26,1152,10,43,DE
2026-07-26,1153,20,31,FR
2026-07-26,1154,30,15,IT
2026-07-26,1155,40,10,ES
2026-07-26,1156,10,64,DE
2026-07-26,1157,20,0,FR
2026-07-26,1158,30,55,IT
2026-07-26,1159,40,0,ES
2026-07-26,1160,10,56,DE
2026-07-26,1161,20,0,FR
2026-07-26,1162,30,40,IT
2026-07-26,1163,40,51,ES
2026-07-26,1164,10,39,DE
2026-07-26,1165,20,38,FR
2026-07-26,1166,30,39,IT
2026-07-26,1167,40,23,ES
2026-07-26,1168,10,45,DE
2026-07-26,1169,20,0,FR
2026-07-26,1170,30,47,IT
2026-07-26,1171,40,7,ES
2026-07-27,1001,10,2,DE
2026-07-27,1001,20,2,FR
2026-07-27,1002,10,2,DE
2026-07-27,1003,10,4,DE
2026-07-27,1004,20,6,FR
2026-07-27,1005,10,4,DE
2026-07-27,1006,10,4,DE
2026-07-27,1007,10,7,"AT,DE"
2026-07-27,1008,10,2,DE
2026-07-27,1100,10,2,DE
2026-07-27,1101,20,40,FR
2026-07-27,1102,30,73,IT
2026-07-27,1103,40,3,ES
2026-07-27,1104,10,0,DE
2026-07-27,1105,20,0,FR
2026-07-27,1106,30,5,IT
2026-07-27,1107,40,17,ES
2026-07-27,1108,10,28,DE
2026-07-27,1109,20,42,FR
2026-07-27,1110,30,48,IT
2026-07-27,1111,40,21,ES
2026-07-27,1112,10,3,DE
2026-07-27,1113,20,8,FR
2026-07-27,1114,30,61,IT
2026-07-27,1115,40,36,ES
2026-07-27,1116,10,24,DE
2026-07-27,1117,20,54,FR
2026-07-27,1118,30,26,IT
2026-07-27,1119,40,2,ES
2026-07-27,1120,10,0,DE
2026-07-27,1121,20,6,FR
2026-07-27,1122,30,5,IT
2026-07-27,1123,40,42,ES
2026-07-27,1124,10,46,DE
2026-07-27,1125,20,0,FR
2026-07-27,1126,30,25,IT
2026-07-27,1127,40,36,ES
2026-07-27,1128,10,51,DE
2026-07-27,1129,20,10,FR
2026-07-27,1130,30,61,IT
2026-07-27,1131,40,57,ES
2026-07-27,1132,10,34,DE
2026-07-27,1133,20,46,FR
2026-07-27,1134,30,19,IT
2026-07-27,1135,40,5,ES
2026-07-27,1136,10,0,DE
2026-07-27,1137,20,43,FR
2026-07-27,1138,30,0,IT
2026-07-27,1139,40,58,ES
2026-07-27,1140,10,28,DE
2026-07-27,1141,20,166,FR
2026-07-27,1142,30,0,IT
2026-07-27,1143,40,38,ES
2026-07-27,1144,10,52,DE
2026-07-27,1145,20,30,FR
2026-07-27,1146,30,33,IT
2026-07-27,1147,40,52,ES
2026-07-27,1148,10,41,DE
2026-07-27,1149,20,2,FR
2026-07-27,1150,30,0,IT
2026-07-27,1151,40,57,ES
2026-07-27,1152,10,32,DE
2026-07-27,1153,20,29,FR
2026-07-27,1154,30,20,IT
2026-07-27,1155,40,23,ES
2026-07-27,1156,10,69,DE
2026-07-27,1157,20,0,FR
2026-07-27,1158,30,52,IT
2026-07-27,1159,40,0,ES
2026-07-27,1160,10,41,DE
2026-07-27,1161,20,3,FR
2026-07-27,1162,30,38,IT
2026-07-27,1163,40,61,ES
2026-07-27,1164,10,50,DE
2026-07-27,1165,20,21,FR
2026-07-27,1166,30,39,IT
2026-07-27,1167,40,32,ES
2026-07-27,1168,10,41,DE
2026-07-27,1169,20,0,FR
2026-07-27,1170,30,33,IT
2026-07-27,1171,40,0,ES
2026-07-28,1001,10,8,DE
2026-07-28,1001,20,1,FR
2026-07-28,1002,10,3,DE
2026-07-28,1003,10,3,DE
2026-07-28,1004,20,0,FR
2026-07-28,1005,10,5,DE
2026-07-28,1006,10,4,DE
2026-07-28,1007,10,0,"AT,DE"
2026-07-28,1008,10,1,DE
2026-07-28,1100,10,7,DE
2026-07-28,1101,20,48,FR
2026-07-28,1102,30,66,IT
2026-07-28,1103,40,0,ES
2026-07-28,1104,10,0,DE
2026-07-28,1105,20,2,FR
2026-07-28,1106,30,28,IT
2026-07-28,1107,40,17,ES
2026-07-28,1108,10,36,DE
2026-07-28,1109,20,27,FR
2026-07-28,1110,30,38,IT
2026-07-28,1111,40,22,ES
2026-07-28,1112,10,10,DE
2026-07-28,1113,20,8,FR
2026-07-28,1114,30,42,IT
2026-07-28,1115,40,40,ES
2026-07-28,1116,10,18,DE
2026-07-28,1117,20,52,FR
2026-07-28,1118,30,23,IT
2026-07-28,1119,40,0,ES
2026-07-28,1120,10,6,DE
2026-07-28,1121,20,7,FR
2026-07-28,1122,30,15,IT
2026-07-28,1123,40,55,ES
2026-07-28,1124,10,55,DE
2026-07-28,1125,20,4,FR
2026-07-28,1126,30,16,IT
2026-07-28,1127,40,33,ES
2026-07-28,1128,10,61,DE
2026-07-28,1129,20,0,FR
2026-07-28,1130,30,47,IT
2026-07-28,1131,40,55,ES
2026-07-28,1132,10,21,DE
2026-07-28,1133,20,43,FR
2026-07-28,1134,30,21,IT
2026-07-28,1135,40,9,ES
2026-07-28,1136,10,5,DE
2026-07-28,1137,20,41,FR
2026-07-28,1138,30,0,IT
2026-07-28,1139,40,38,ES
2026-07-28,1140,10,16,DE
2026-07-28,1141,20,164,FR
2026-07-28,1142,30,6,IT
2026-07-28,1143,40,46,ES
2026-07-28,1144,10,30,DE
2026-07-28,1145,20,36,FR
2026-07-28,1146,30,28,IT
2026-07-28,1147,40,35,ES
2026-07-28,1148,10,56,DE
2026-07-28,1149,20,0,FR
2026-07-28,1150,30,19,IT
2026-07-28,1151,40,43,ES
2026-07-28,1152,10,37,DE
2026-07-28,1153,20,28,FR
2026-07-28,1154,30,36,IT
2026-07-28,1155,40,7,ES
2026-07-28,1156,10,67,DE
2026-07-28,1157,20,0,FR
2026-07-28,1158,30,48,IT
2026-07-28,1159,40,0,ES
2026-07-28,1160,10,54,DE
2026-07-28,1161,20,0,FR
2026-07-28,1162,30,52,IT
2026-07-28,1163,40,43,ES
2026-07-28,1164,10,47,DE
2026-07-28,1165,20,26,FR
2026-07-28,1166,30,25,IT
2026-07-28,1167,40,38,ES
2026-07-28,1168,10,27,DE
2026-07-28,1169,20,0,FR
2026-07-28,1170,30,38,IT
2026-07-28,1171,40,0,ES
2026-07-29,1001,10,7,DE
2026-07-29,1001,20,0,FR
2026-07-29,1002,10,4,DE
2026-07-29,1003,10,2,DE
2026-07-29,1004,20,1,FR
2026-07-29,1005,10,6,DE
2026-07-29,1006,10,4,DE
2026-07-29,1007,10,2,"AT,DE"
2026-07-29,1008,10,0,DE
2026-07-29,1100,10,19,DE
2026-07-29,1101,20,41,FR
2026-07-29,1102,30,48,IT
2026-07-29,1103,40,14,ES
2026-07-29,1104,10,6,DE
2026-07-29,1105,20,0,FR
2026-07-29,1106,30,26,IT
2026-07-29,1107,40,9,ES
2026-07-29,1108,10,13,DE
2026-07-29,1109,20,35,FR
2026-07-29,1110,30,29,IT
2026-07-29,1111,40,42,ES
2026-07-29,1112,10,13,DE
2026-07-29,1113,20,12,FR
2026-07-29,1114,30,51,IT
2026-07-29,1115,40,41,ES
2026-07-29,1116,10,12,DE
2026-07-29,1117,20,53,FR
2026-07-29,1118,30,45,IT
2026-07-29,1119,40,4,ES
2026-07-29,1120,10,0,DE
2026-07-29,1121,20,7,FR
2026-07-29,1122,30,9,IT
2026-07-29,1123,40,42,ES
2026-07-29,1124,10,39,DE
2026-07-29,1125,20,0,FR
2026-07-29,1126,30,9,IT
2026-07-29,1127,40,42,ES
2026-07-29,1128,10,49,DE
2026-07-29,1129,20,0,FR
2026-07-29,1130,30,36,IT
2026-07-29,1131,40,54,ES
2026-07-29,1132,10,41,DE
2026-07-29,1133,20,27,FR
2026-07-29,1134,30,10,IT
2026-07-29,1135,40,1,ES
2026-07-29,1136,10,3,DE
2026-07-29,1137,20,51,FR
2026-07-29,1138,30,0,IT
2026-07-29,1139,40,45,ES
2026-07-29,1140,10,35,DE
2026-07-29,1141,20,162,FR
2026-07-29,1142,30,0,IT
2026-07-29,1143,40,36,ES
2026-07-29,1144,10,27,DE
2026-07-29,1145,20,27,FR
2026-07-29,1146,30,17,IT
2026-07-29,1147,40,27,ES
2026-07-29,1148,10,48,DE
2026-07-29,1149,20,2,FR
2026-07-29,1150,30,0,IT
2026-07-29,1151,40,51,ES
2026-07-29,1152,10,46,DE
2026-07-29,1153,20,43,FR
2026-07-29,1154,30,8,IT
2026-07-29,1155,40,15,ES
2026-07-29,1156,10,57,DE
2026-07-29,1157,20,2,FR
2026-07-29,1158,30,62,IT
2026-07-29,1159,40,3,ES
2026-07-29,1160,10,38,DE
2026-07-29,1161,20,0,FR
2026-07-29,1162,30,43,IT
2026-07-29,1163,40,51,ES
2026-07-29,1164,10,35,DE
2026-07-29,1165,20,27,FR
2026-07-29,1166,30,45,IT
2026-07-29,1167,40,37,ES
2026-07-29,1168,10,34,DE
2026-07-29,1169,20,0,FR
2026-07-29,1170,30,40,IT
2026-07-29,1171,40,0,ES
2026-07-30,1001,10,6,DE
2026-07-30,1001,20,4,FR
2026-07-30,1002,10,0,DE
2026-07-30,1003,10,11,DE
2026-07-30,1004,20,2,FR
2026-07-30,1005,10,2,DE
2026-07-30,1006,10,4,DE
2026-07-30,1007,10,4,"AT,DE"
2026-07-30,1008,10,5,DE
2026-07-30,1100,10,17,DE
2026-07-30,1101,20,29,FR
2026-07-30,1102,30,52,IT
2026-07-30,1103,40,0,ES
2026-07-30,1104,10,0,DE
2026-07-30,1105,20,5,FR
2026-07-30,1106,30,14,IT
2026-07-30,1107,40,0,ES
2026-07-30,1108,10,19,DE
2026-07-30,1109,20,16,FR
2026-07-30,1110,30,39,IT
2026-07-30,1111,40,37,ES
2026-07-30,1112,10,0,DE
2026-07-30,1113,20,6,FR
2026-07-30,1114,30,64,IT
2026-07-30,1115,40,50,ES
2026-07-30,1116,10,36,DE
2026-07-30,1117,20,55,FR
2026-07-30,1118,30,27,IT
2026-07-30,1119,40,0,ES
2026-07-30,1120,10,0,DE
2026-07-30,1121,20,1,FR
2026-07-30,1122,30,11,IT
2026-07-30,1123,40,42,ES
2026-07-30,1124,10,41,DE
2026-07-30,1125,20,6,FR
2026-07-30,1126,30,3,IT
2026-07-30,1127,40,29,ES
2026-07-30,1128,10,48,DE
2026-07-30,1129,20,13,FR
2026-07-30,1130,30,55,IT
2026-07-30,1131,40,56,ES
2026-07-30,1132,10,44,DE
2026-07-30,1133,20,36,FR
2026-07-30,1134,30,25,IT
2026-07-30,1135,40,0,ES
2026-07-30,1136,10,0,DE
2026-07-30,1137,20,38,FR
2026-07-30,1138,30,0,IT
2026-07-30,1139,40,48,ES
2026-07-30,1140,10,31,DE
2026-07-30,1141,20,41,FR
2026-07-30,1142,30,0,IT
2026-07-30,1143,40,40,ES
2026-07-30,1144,10,38,DE
2026-07-30,1145,20,38,FR
2026-07-30,1146,30,23,IT
2026-07-30,1147,40,29,ES
2026-07-30,1148,10,65,DE
2026-07-30,1149,20,4,FR
2026-07-30,1150,30,2,IT
2026-07-30,1151,40,63,ES
2026-07-30,1152,10,54,DE
2026-07-30,1153,20,35,FR
2026-07-30,1154,30,20,IT
2026-07-30,1155,40,5,ES
2026-07-30,1156,10,42,DE
2026-07-30,1157,20,0,FR
2026-07-30,1158,30,48,IT
2026-07-30,1159,40,7,ES
2026-07-30,1160,10,59,DE
2026-07-30,1161,20,0,FR
2026-07-30,1162,30,48,IT
2026-07-30,1163,40,51,ES
2026-07-30,1164,10,47,DE
2026-07-30,1165,20,39,FR
2026-07-30,1166,30,39,IT
2026-07-30,1167,40,33,ES
2026-07-30,1168,10,23,DE
2026-07-30,1169,20,8,FR
2026-07-30,1170,30,34,IT
2026-07-30,1171,40,0,ES
2026-07-31,1001,10,5,DE
2026-07-31,1001,20,3,FR
2026-07-31,1002,10,1,DE
2026-07-31,1003,10,10,DE
2026-07-31,1004,20,3,FR
2026-07-31,1005,10,3,DE
2026-07-31,1006,10,4,DE
2026-07-31,1007,10,6,"AT,DE"
2026-07-31,1008,10,4,DE
2026-07-31,1100,10,5,DE
2026-07-31,1101,20,30,FR
2026-07-31,1102,30,71,IT
2026-07-31,1103,40,14,ES
2026-07-31,1104,10,0,DE
2026-07-31,1105,20,0,FR
2026-07-31,1106,30,2,IT
2026-07-31,1107,40,15,ES
2026-07-31,1108,10,23,DE
2026-07-31,1109,20,15,FR
2026-07-31,1110,30,33,IT
2026-07-31,1111,40,16,ES
2026-07-31,1112,10,27,DE
2026-07-31,1113,20,31,FR
2026-07-31,1114,30,41,IT
2026-07-31,1115,40,45,ES
2026-07-31,1116,10,23,DE
2026-07-31,1117,20,24,FR
2026-07-31,1118,30,42,IT
2026-07-31,1119,40,2,ES
2026-07-31,1120,10,0,DE
2026-07-31,1121,20,0,FR
2026-07-31,1122,30,25,IT
2026-07-31,1123,40,33,ES
2026-07-31,1124,10,40,DE
2026-07-31,1125,20,0,FR
2026-07-31,1126,30,6,IT
2026-07-31,1127,40,39,ES
2026-07-31,1128,10,46,DE
2026-07-31,1129,20,0,FR
2026-07-31,1130,30,61,IT
2026-07-31,1131,40,59,ES
2026-07-31,1132,10,42,DE
2026-07-31,1133,20,40,FR
2026-07-31,1134,30,1,IT
2026-07-31,1135,40,0,ES
2026-07-31,1136,10,0,DE
2026-07-31,1137,20,60,FR
2026-07-31,1138,30,0,IT
2026-07-31,1139,40,60,ES
2026-07-31,1140,10,12,DE
2026-07-31,1141,20,46,FR
2026-07-31,1142,30,0,IT
2026-07-31,1143,40,41,ES
2026-07-31,1144,10,50,DE
2026-07-31,1145,20,42,FR
2026-07-31,1146,30,30,IT
2026-07-31,1147,40,43,ES
2026-07-31,1148,10,42,DE
2026-07-31,1149,20,0,FR
2026-07-31,1150,30,0,IT
2026-07-31,1151,40,37,ES
2026-07-31,1152,10,49,DE
2026-07-31,1153,20,15,FR
2026-07-31,1154,30,14,IT
2026-07-31,1155,40,18,ES
2026-07-31,1156,10,66,DE
2026-07-31,1157,20,0,FR
2026-07-31,1158,30,42,IT
2026-07-31,1159,40,0,ES
2026-07-31,1160,10,51,DE
2026-07-31,1161,20,0,FR
2026-07-31,1162,30,39,IT
2026-07-31,1163,40,53,ES
2026-07-31,1164,10,55,DE
2026-07-31,1165,20,34,FR
2026-07-31,1166,30,33,IT
2026-07-31,1167,40,34,ES
2026-07-31,1168,10,42,DE
2026-07-31,1169,20,1,FR
2026-07-31,1170,30,52,IT
2026-07-31,1171,40,0,ES
