date,sku_id,local_replenishment_units
2026-07-08,1001,11
2026-07-08,1002,3
2026-07-08,1003,11
2026-07-08,1004,4
2026-07-08,1005,7
2026-07-08,1006,0
2026-07-08,1007,10
2026-07-08,1008,13
2026-07-08,1010,0
2026-07-08,1100,34
2026-07-08,1101,57
2026-07-08,1102,66
2026-07-08,1103,76
2026-07-08,1104,90
2026-07-08,1105,16
2026-07-08,1106,27
2026-07-08,1107,9
2026-07-08,1108,37
2026-07-08,1109,115
2026-07-08,1110,27
2026-07-08,1111,24
2026-07-08,1112,67
2026-07-08,1113,45
2026-07-08,1114,26
2026-07-08,1115,96
2026-07-08,1116,18
2026-07-08,1117,27
2026-07-08,1118,15
2026-07-08,1119,32
2026-07-08,1120,64
2026-07-08,1121,74
2026-07-08,1122,82
2026-07-08,1123,52
2026-07-08,1124,119
2026-07-08,1125,12
2026-07-08,1126,109
2026-07-08,1127,44
2026-07-08,1128,39
2026-07-08,1129,110
2026-07-08,1130,57
2026-07-08,1131,50
2026-07-08,1132,31
2026-07-08,1133,50
2026-07-08,1134,58
2026-07-08,1135,41
2026-07-08,1136,47
2026-07-08,1137,89
2026-07-08,1138,18
2026-07-08,1139,13
2026-07-08,1140,93
2026-07-08,1141,93
2026-07-08,1142,47
2026-07-08,1143,116
2026-07-08,1144,76
2026-07-08,1145,92
2026-07-08,1146,89
2026-07-08,1147,92
2026-07-08,1148,85
2026-07-08,1149,69
2026-07-08,1150,7
2026-07-08,1151,107
2026-07-08,1152,23
2026-07-08,1153,90
2026-07-08,1154,96
2026-07-08,1155,31
2026-07-08,1156,22
2026-07-08,1157,115
2026-07-08,1158,102
2026-07-08,1159,33
2026-07-08,1160,18
2026-07-08,1161,85
2026-07-08,1162,40
2026-07-08,1163,38
2026-07-08,1164,7
2026-07-08,1165,93
2026-07-08,1166,19
2026-07-08,1167,76
2026-07-08,1168,4
2026-07-08,1169,85
2026-07-08,1170,34
2026-07-08,1171,30
2026-07-19,1001,8
2026-07-19,1002,2
2026-07-19,1003,8
2026-07-19,1004,11
2026-07-19,1005,8
2026-07-19,1006,0
2026-07-19,1007,7
2026-07-19,1008,12
2026-07-19,1010,0
2026-07-19,1100,29
2026-07-19,1101,47
2026-07-19,1102,52
2026-07-19,1103,73
2026-07-19,1104,83
2026-07-19,1105,17
2026-07-19,1106,0
2026-07-19,1107,0
2026-07-19,1108,20
2026-07-19,1109,121
2026-07-19,1110,18
2026-07-19,1111,6
2026-07-19,1112,41
2026-07-19,1113,36
2026-07-19,1114,16
2026-07-19,1115,105
2026-07-19,1116,6
2026-07-19,1117,10
2026-07-19,1118,13
2026-07-19,1119,16
2026-07-19,1120,50
2026-07-19,1121,75
2026-07-19,1122,75
2026-07-19,1123,36
2026-07-19,1124,101
2026-07-19,1125,3
2026-07-19,1126,124
2026-07-19,1127,38
2026-07-19,1128,30
2026-07-19,1129,97
2026-07-19,1130,62
2026-07-19,1131,36
2026-07-19,1132,16
2026-07-19,1133,46
2026-07-19,1134,56
2026-07-19,1135,40
2026-07-19,1136,38
2026-07-19,1137,85
2026-07-19,1138,16
2026-07-19,1139,14
2026-07-19,1140,88
2026-07-19,1141,70
2026-07-19,1142,46
2026-07-19,1143,123
2026-07-19,1144,69
2026-07-19,1145,71
2026-07-19,1146,97
2026-07-19,1147,71
2026-07-19,1148,87
2026-07-19,1149,54
2026-07-19,1150,0
2026-07-19,1151,90
2026-07-19,1152,27
2026-07-19,1153,84
2026-07-19,1154,101
2026-07-19,1155,10
2026-07-19,1156,3
2026-07-19,1157,119
2026-07-19,1158,91
2026-07-19,1159,13
2026-07-19,1160,3
2026-07-19,1161,89
2026-07-19,1162,41
2026-07-19,1163,31
2026-07-19,1164,17
2026-07-19,1165,84
2026-07-19,1166,24
2026-07-19,1167,71
2026-07-19,1168,0
2026-07-19,1169,83
2026-07-19,1170,35
2026-07-19,1171,20
2026-07-17,1001,10
2026-07-17,1002,4
2026-07-17,1003,10
2026-07-17,1004,4
2026-07-17,1005,6
2026-07-17,1006,0
2026-07-17,1007,9
2026-07-17,1008,14
2026-07-17,1010,0
2026-07-17,1100,32
2026-07-17,1101,54
2026-07-17,1102,62
2026-07-17,1103,82
2026-07-17,1104,83
2026-07-17,1105,19
2026-07-17,1106,11
2026-07-17,1107,22
2026-07-17,1108,26
2026-07-17,1109,99
2026-07-17,1110,15
2026-07-17,1111,17
2026-07-17,1112,46
2026-07-17,1113,39
2026-07-17,1114,12
2026-07-17,1115,80
2026-07-17,1116,12
2026-07-17,1117,22
2026-07-17,1118,6
2026-07-17,1119,23
2026-07-17,1120,73
2026-07-17,1121,68
2026-07-17,1122,84
2026-07-17,1123,32
2026-07-17,1124,108
2026-07-17,1125,6
2026-07-17,1126,98
2026-07-17,1127,25
2026-07-17,1128,33
2026-07-17,1129,104
2026-07-17,1130,61
2026-07-17,1138,27
2026-07-17,1140,86
2026-07-17,1141,75
2026-07-17,1142,49
2026-07-17,1143,106
2026-07-17,1144,56
2026-07-17,1145,90
2026-07-17,1146,105
2026-07-17,1147,71
2026-07-17,1148,88
2026-07-17,1149,40
2026-07-17,1150,12
2026-07-17,1151,103
2026-07-17,1152,16
2026-07-17,1153,77
2026-07-17,1154,91
2026-07-17,1155,32
2026-07-17,1156,25
2026-07-17,1157,108
2026-07-17,1158,97
2026-07-17,1159,35
2026-07-17,1160,6
2026-07-17,1161,84
2026-07-17,1162,29
2026-07-17,1163,37
2026-07-17,1164,3
2026-07-17,1165,80
2026-07-17,1166,7
2026-07-17,1167,57
2026-07-17,1168,6
2026-07-17,1169,78
2026-07-17,1170,33
2026-07-17,1171,14
2026-07-22,1001,5
2026-07-22,1002,4
2026-07-22,1003,5
2026-07-22,1004,8
2026-07-22,1005,6
2026-07-22,1006,0
2026-07-22,1007,4
2026-07-22,1008,19
2026-07-22,1010,0
2026-07-22,1100,33
2026-07-22,1101,55
2026-07-22,1102,51
2026-07-22,1103,76
2026-07-22,1104,72
2026-07-22,1105,16
2026-07-22,1106,3
2026-07-22,1107,0
2026-07-22,1108,21
2026-07-22,1109,92
2026-07-22,1110,6
2026-07-22,1111,31
2026-07-22,1112,60
2026-07-22,1113,22
2026-07-22,1114,21
2026-07-22,1115,74
2026-07-22,1116,0
2026-07-22,1117,9
2026-07-22,1118,13
2026-07-22,1119,14
2026-07-22,1120,59
2026-07-22,1121,59
2026-07-22,1122,69
2026-07-22,1123,46
2026-07-22,1124,119
2026-07-22,1125,0
2026-07-22,1126,102
2026-07-22,1127,20
2026-07-22,1128,30
2026-07-22,1129,114
2026-07-22,1130,42
2026-07-22,1131,30
2026-07-22,1132,7
2026-07-22,1133,39
2026-07-22,1134,60
2026-07-22,1135,18
2026-07-22,1136,39
2026-07-22,1137,70
2026-07-22,1138,8
2026-07-22,1139,18
2026-07-22,1140,74
2026-07-22,1141,86
2026-07-22,1142,39
2026-07-22,1143,111
2026-07-22,1144,54
2026-07-22,1145,77
2026-07-22,1146,103
2026-07-22,1147,81
2026-07-22,1148,64
2026-07-22,1149,52
2026-07-22,1150,10
2026-07-22,1151,85
2026-07-22,1152,8
2026-07-22,1153,60
2026-07-22,1154,89
2026-07-22,1155,22
2026-07-22,1156,20
2026-07-22,1157,106
2026-07-22,1158,88
2026-07-22,1159,26
2026-07-22,1160,0
2026-07-22,1161,82
2026-07-22,1162,38
2026-07-22,1163,43
2026-07-22,1164,8
2026-07-22,1165,87
2026-07-22,1166,6
2026-07-22,1167,75
2026-07-22,1168,4
2026-07-22,1169,72
2026-07-22,1170,32
2026-07-22,1171,21
2026-07-09,1001,10
2026-07-09,1002,3
2026-07-09,1003,10
2026-07-09,1004,12
2026-07-09,1005,8
2026-07-09,1006,0
2026-07-09,1007,9
2026-07-09,1008,12
2026-07-09,1010,0
2026-07-09,1103,83
2026-07-09,1104,81
2026-07-09,1105,26
2026-07-09,1106,14
2026-07-09,1107,15
2026-07-09,1108,32
2026-07-09,1109,120
2026-07-09,1110,12
2026-07-09,1111,26
2026-07-09,1112,51
2026-07-09,1113,39
2026-07-09,1114,25
2026-07-09,1115,98
2026-07-09,1116,8
2026-07-09,1117,20
2026-07-09,1118,22
2026-07-09,1119,35
2026-07-09,1120,67
2026-07-09,1121,69
2026-07-09,1122,86
2026-07-09,1123,50
2026-07-09,1124,114
2026-07-09,1125,12
2026-07-09,1126,115
2026-07-09,1127,39
2026-07-09,1128,40
2026-07-09,1129,110
2026-07-09,1130,64
2026-07-09,1131,64
2026-07-09,1132,19
2026-07-09,1133,51
2026-07-09,1134,51
2026-07-09,1135,34
2026-07-09,1136,40
2026-07-09,1137,89
2026-07-09,1138,29
2026-07-09,1139,23
2026-07-09,1140,85
2026-07-09,1141,89
2026-07-09,1142,48
2026-07-09,1143,109
2026-07-09,1144,70
2026-07-09,1145,87
2026-07-09,1146,99
2026-07-09,1147,90
2026-07-09,1148,91
2026-07-09,1149,58
2026-07-09,1150,18
2026-07-09,1151,99
2026-07-09,1152,22
2026-07-09,1153,90
2026-07-09,1154,94
2026-07-09,1155,22
2026-07-09,1156,21
2026-07-09,1157,115
2026-07-09,1158,99
2026-07-09,1159,30
2026-07-09,1160,11
2026-07-09,1161,86
2026-07-09,1162,52
2026-07-09,1163,44
2026-07-09,1164,15
2026-07-09,1165,88
2026-07-09,1166,31
2026-07-09,1167,82
2026-07-09,1168,7
2026-07-09,1169,88
2026-07-09,1170,38
2026-07-09,1171,30
2026-07-29,1001,6
2026-07-29,1002,4
2026-07-29,1003,6
2026-07-29,1004,10
2026-07-29,1005,8
2026-07-29,1006,0
2026-07-29,1007,5
2026-07-29,1008,12
2026-07-29,1010,0
2026-07-29,1100,26
2026-07-29,1101,52
2026-07-29,1102,33
2026-07-29,1103,73
2026-07-29,1104,61
2026-07-29,1105,3
2026-07-29,1106,0
2026-07-29,1107,0
2026-07-29,1108,23
2026-07-29,1109,113
2026-07-29,1110,22
2026-07-29,1111,16
2026-07-29,1112,30
2026-07-29,1113,23
2026-07-29,1114,17
2026-07-29,1115,85
2026-07-29,1116,0
2026-07-29,1117,0
2026-07-29,1118,7
2026-07-29,1119,34
2026-07-29,1120,56
2026-07-29,1121,59
2026-07-29,1122,59
2026-07-29,1123,27
2026-07-29,1124,86
2026-07-29,1125,0
2026-07-29,1126,84
2026-07-29,1127,37
2026-07-29,1128,33
2026-07-29,1129,89
2026-07-29,1130,52
2026-07-29,1131,29
2026-07-29,1132,0
2026-07-29,1133,49
2026-07-29,1134,30
2026-07-29,1135,16
2026-07-29,1136,44
2026-07-29,1137,78
2026-07-29,1138,0
2026-07-29,1139,0
2026-07-29,1140,70
2026-07-29,1141,55
2026-07-29,1142,40
2026-07-29,1143,112
2026-07-29,1144,53
2026-07-29,1145,75
2026-07-29,1146,90
2026-07-29,1147,68
2026-07-29,1148,85
2026-07-29,1149,33
2026-07-29,1150,0
2026-07-29,1151,101
2026-07-29,1152,6
2026-07-29,1153,60
2026-07-29,1154,97
2026-07-29,1155,3
2026-07-29,1156,19
2026-07-29,1157,96
2026-07-29,1158,84
2026-07-29,1159,32
2026-07-29,1160,9
2026-07-29,1161,63
2026-07-29,1162,29
2026-07-29,1163,15
2026-07-29,1164,14
2026-07-29,1165,69
2026-07-29,1166,9
2026-07-29,1167,62
2026-07-29,1168,0
2026-07-29,1169,75
2026-07-29,1170,30
2026-07-29,1171,13
2026-07-10,1109,108
2026-07-10,1110,19
2026-07-10,1111,30
2026-07-10,1112,60
2026-07-10,1113,45
2026-07-10,1114,20
2026-07-10,1115,93
2026-07-10,1116,15
2026-07-10,1117,29
2026-07-10,1118,14
2026-07-10,1119,23
2026-07-10,1120,65
2026-07-10,1121,63
2026-07-10,1122,83
2026-07-10,1123,35
2026-07-10,1124,102
2026-07-10,1125,9
2026-07-10,1126,111
2026-07-10,1127,35
2026-07-10,1128,42
2026-07-10,1129,100
2026-07-10,1130,71
2026-07-10,1131,37
2026-07-10,1132,25
2026-07-10,1133,44
2026-07-10,1134,65
2026-07-10,1135,42
2026-07-10,1136,34
2026-07-10,1137,93
2026-07-10,1138,21
2026-07-10,1139,13
2026-07-10,1140,78
2026-07-10,1141,81
2026-07-10,1142,45
2026-07-10,1143,116
2026-07-10,1144,62
2026-07-10,1145,83
2026-07-10,1146,87
2026-07-10,1147,87
2026-07-10,1148,92
2026-07-10,1149,60
2026-07-10,1150,8
2026-07-10,1151,110
2026-07-10,1152,35
2026-07-10,1153,90
2026-07-10,1154,91
2026-07-10,1155,27
2026-07-10,1156,28
2026-07-10,1157,103
2026-07-10,1158,100
2026-07-10,1159,27
2026-07-10,1160,11
2026-07-10,1161,85
2026-07-10,1162,43
2026-07-10,1163,37
2026-07-10,1164,20
2026-07-10,1165,107
2026-07-10,1166,31
2026-07-10,1167,81
2026-07-10,1168,13
2026-07-10,1169,80
2026-07-10,1170,34
2026-07-10,1171,22
2026-07-24,1100,26
2026-07-24,1101,38
2026-07-24,1102,36
2026-07-24,1103,83
2026-07-24,1104,71
2026-07-24,1105,15
2026-07-24,1106,0
2026-07-24,1107,10
2026-07-24,1108,12
2026-07-24,1109,121
2026-07-24,1110,17
2026-07-24,1111,18
2026-07-24,1112,45
2026-07-24,1113,31
2026-07-24,1114,8
2026-07-24,1115,81
2026-07-24,1116,6
2026-07-24,1117,14
2026-07-24,1118,11
2026-07-24,1119,9
2026-07-24,1120,67
2026-07-24,1121,62
2026-07-24,1122,82
2026-07-24,1123,39
2026-07-24,1124,96
2026-07-24,1125,9
2026-07-24,1126,108
2026-07-24,1127,43
2026-07-24,1128,25
2026-07-24,1129,91
2026-07-24,1130,53
2026-07-24,1131,37
2026-07-24,1132,0
2026-07-24,1133,30
2026-07-24,1134,69
2026-07-24,1135,46
2026-07-24,1136,24
2026-07-24,1137,79
2026-07-24,1138,26
2026-07-24,1139,0
2026-07-24,1140,85
2026-07-24,1141,75
2026-07-24,1142,46
2026-07-24,1143,98
2026-07-24,1144,72
2026-07-24,1145,89
2026-07-24,1146,70
2026-07-24,1147,81
2026-07-24,1148,92
2026-07-24,1149,43
2026-07-24,1150,1
2026-07-24,1151,80
2026-07-24,1152,20
2026-07-24,1153,74
2026-07-24,1154,75
2026-07-24,1155,28
2026-07-24,1156,19
2026-07-24,1157,126
2026-07-24,1158,79
2026-07-24,1159,23
2026-07-24,1160,9
2026-07-24,1161,71
2026-07-24,1162,33
2026-07-24,1163,22
2026-07-24,1164,0
2026-07-24,1165,81
2026-07-24,1166,31
2026-07-24,1167,56
2026-07-24,1168,3
2026-07-24,1169,72
2026-07-24,1170,24
2026-07-24,1171,25
2026-07-03,1001,8
2026-07-03,1002,4
2026-07-03,1003,8
2026-07-03,1004,8
2026-07-03,1005,0
2026-07-03,1006,0
2026-07-03,1007,7
2026-07-03,1008,18
2026-07-03,1010,0
2026-07-03,1100,38
2026-07-03,1101,69
2026-07-03,1102,61
2026-07-03,1103,79
2026-07-03,1104,90
2026-07-03,1105,20
2026-07-03,1106,23
2026-07-03,1107,19
2026-07-03,1108,31
2026-07-03,1109,117
2026-07-03,1110,32
2026-07-03,1111,28
2026-07-03,1112,66
2026-07-03,1113,41
2026-07-03,1114,29
2026-07-03,1115,106
2026-07-03,1116,24
2026-07-03,1117,26
2026-07-03,1118,23
2026-07-03,1119,39
2026-07-03,1120,66
2026-07-03,1121,82
2026-07-03,1122,85
2026-07-03,1123,62
2026-07-03,1124,110
2026-07-03,1125,19
2026-07-03,1126,126
2026-07-03,1127,43
2026-07-03,1128,43
2026-07-03,1129,112
2026-07-03,1130,69
2026-07-03,1131,45
2026-07-03,1132,32
2026-07-03,1133,56
2026-07-03,1134,62
2026-07-03,1135,43
2026-07-03,1136,45
2026-07-03,1137,95
2026-07-03,1138,32
2026-07-03,1139,22
2026-07-03,1140,92
2026-07-03,1141,99
2026-07-03,1142,49
2026-07-03,1143,114
2026-07-03,1144,76
2026-07-03,1145,102
2026-07-03,1146,95
2026-07-03,1147,89
2026-07-03,1148,89
2026-07-03,1149,67
2026-07-03,1150,20
2026-07-03,1151,101
2026-07-03,1152,38
2026-07-03,1153,91
2026-07-03,1154,105
2026-07-03,1155,32
2026-07-03,1156,28
2026-07-03,1157,127
2026-07-03,1158,109
2026-07-03,1159,34
2026-07-03,1160,24
2026-07-03,1161,92
2026-07-03,1162,54
2026-07-03,1163,39
2026-07-03,1164,28
2026-07-03,1165,100
2026-07-03,1166,21
2026-07-03,1167,83
2026-07-03,1168,12
2026-07-03,1169,92
2026-07-03,1170,37
2026-07-03,1171,45
2026-07-28,1001,7
2026-07-28,1002,4
2026-07-28,1003,7
2026-07-28,1004,11
2026-07-28,1005,7
2026-07-28,1006,0
2026-07-28,1007,6
2026-07-28,1008,13
2026-07-28,1010,0
2026-07-28,1100,26
2026-07-28,1101,49
2026-07-28,1102,64
2026-07-28,1103,61
2026-07-28,1104,100
2026-07-28,1105,6
2026-07-28,1106,7
2026-07-28,1107,0
2026-07-28,1108,6
2026-07-28,1109,110
2026-07-28,1110,5
2026-07-28,1111,15
2026-07-28,1112,32
2026-07-28,1113,38
2026-07-28,1114,7
2026-07-28,1115,79
2026-07-28,1116,5
2026-07-28,1117,1
2026-07-28,1118,1
2026-07-28,1119,16
2026-07-28,1120,42
2026-07-28,1121,73
2026-07-28,1122,70
2026-07-28,1123,31
2026-07-28,1124,94
2026-07-28,1125,0
2026-07-28,1126,95
2026-07-28,1127,10
2026-07-28,1128,21
2026-07-28,1129,90
2026-07-28,1130,51
2026-07-28,1131,18
2026-07-28,1132,14
2026-07-28,1133,35
2026-07-28,1134,57
2026-07-28,1135,26
2026-07-28,1136,24
2026-07-28,1137,82
2026-07-28,1138,22
2026-07-28,1139,0
2026-07-28,1140,70
2026-07-28,1141,79
2026-07-28,1142,37
2026-07-28,1143,103
2026-07-28,1144,54
2026-07-28,1145,89
2026-07-28,1146,92
2026-07-28,1147,64
2026-07-28,1148,94
2026-07-28,1149,55
2026-07-28,1150,13
2026-07-28,1151,94
2026-07-01,1001,10
2026-07-01,1002,1
2026-07-01,1003,10
2026-07-01,1004,12
2026-07-01,1005,0
2026-07-01,1006,0
2026-07-01,1007,9
2026-07-01,1008,20
2026-07-01,1010,0
2026-07-01,1100,39
2026-07-01,1101,50
2026-07-01,1102,73
2026-07-01,1103,101
2026-07-01,1104,94
2026-07-01,1105,24
2026-07-01,1106,15
2026-07-01,1107,18
2026-07-01,1108,36
2026-07-01,1109,119
2026-07-01,1110,20
2026-07-01,1111,30
2026-07-01,1112,66
2026-07-01,1113,39
2026-07-01,1114,33
2026-07-01,1115,97
2026-07-01,1116,27
2026-07-01,1117,29
2026-07-01,1118,23
2026-07-01,1119,29
2026-07-01,1120,65
2026-07-01,1121,89
2026-07-01,1122,91
2026-07-01,1123,55
2026-07-01,1124,121
2026-07-01,1125,31
2026-07-01,1126,121
2026-07-01,1127,48
2026-07-01,1128,42
2026-07-01,1129,120
2026-07-01,1130,73
2026-07-01,1138,28
2026-07-01,1140,86
2026-07-01,1141,85
2026-07-01,1142,50
2026-07-01,1143,122
2026-07-01,1144,78
2026-07-01,1145,90
2026-07-01,1146,93
2026-07-01,1147,93
2026-07-01,1148,85
2026-07-01,1149,63
2026-07-01,1150,13
2026-07-01,1151,117
2026-07-01,1152,28
2026-07-01,1153,91
2026-07-01,1154,95
2026-07-01,1155,27
2026-07-01,1156,26
2026-07-01,1157,116
2026-07-01,1158,98
2026-07-01,1159,37
2026-07-01,1160,26
2026-07-01,1161,104
2026-07-01,1162,58
2026-07-01,1163,41
2026-07-01,1164,30
2026-07-01,1165,106
2026-07-01,1166,28
2026-07-01,1167,77
2026-07-01,1168,22
2026-07-01,1169,89
2026-07-01,1170,36
2026-07-01,1171,44
2026-07-12,1100,33
2026-07-12,1101,48
2026-07-12,1102,67
2026-07-12,1103,80
2026-07-12,1104,92
2026-07-12,1105,22
2026-07-12,1106,2
2026-07-12,1107,0
2026-07-12,1108,19
2026-07-12,1109,122
2026-07-12,1110,11
2026-07-12,1111,26
2026-07-12,1112,55
2026-07-12,1113,40
2026-07-12,1114,28
2026-07-12,1115,99
2026-07-12,1116,11
2026-07-12,1117,24
2026-07-12,1118,11
2026-07-12,1119,33
2026-07-12,1120,71
2026-07-12,1121,73
2026-07-12,1122,76
2026-07-12,1123,50
2026-07-12,1124,121
2026-07-12,1125,11
2026-07-12,1126,114
2026-07-12,1127,35
2026-07-12,1128,38
2026-07-12,1129,115
2026-07-12,1130,66
2026-07-12,1131,41
2026-07-12,1132,14
2026-07-12,1133,38
2026-07-12,1134,59
2026-07-12,1135,33
2026-07-12,1136,37
2026-07-12,1137,103
2026-07-12,1138,22
2026-07-12,1139,14
2026-07-12,1140,86
2026-07-12,1141,84
2026-07-12,1142,44
2026-07-12,1143,116
2026-07-12,1144,72
2026-07-12,1145,73
2026-07-12,1146,93
2026-07-12,1147,91
2026-07-12,1148,93
2026-07-12,1149,50
2026-07-12,1150,12
2026-07-12,1151,112
2026-07-12,1152,32
2026-07-12,1153,80
2026-07-12,1154,94
2026-07-12,1155,25
2026-07-12,1156,15
2026-07-12,1157,102
2026-07-12,1158,85
2026-07-12,1159,17
2026-07-12,1160,22
2026-07-12,1161,90
2026-07-12,1162,54
2026-07-12,1163,37
2026-07-12,1164,4
2026-07-12,1165,85
2026-07-12,1166,27
2026-07-12,1167,70
2026-07-12,1168,14
2026-07-12,1169,77
2026-07-12,1170,29
2026-07-12,1171,41
2026-07-30,1108,27
2026-07-30,1109,89
2026-07-30,1110,6
2026-07-30,1111,2
2026-07-30,1112,58
2026-07-30,1113,25
2026-07-30,1114,16
2026-07-30,1115,89
2026-07-30,1116,0
2026-07-30,1117,6
2026-07-30,1118,0
2026-07-30,1119,14
2026-07-30,1120,41
2026-07-30,1121,77
2026-07-30,1122,62
2026-07-30,1123,53
2026-07-30,1124,101
2026-07-30,1125,0
2026-07-30,1126,113
2026-07-30,1127,23
2026-07-30,1128,31
2026-07-30,1129,109
2026-07-30,1130,69
2026-07-30,1131,18
2026-07-30,1132,0
2026-07-30,1133,35
2026-07-30,1134,66
2026-07-30,1135,35
2026-07-30,1136,37
2026-07-30,1137,84
2026-07-30,1138,0
2026-07-30,1139,15
2026-07-30,1140,65
2026-07-30,1141,57
2026-07-30,1142,37
2026-07-30,1143,119
2026-07-30,1144,61
2026-07-30,1145,84
2026-07-30,1146,84
2026-07-30,1147,83
2026-07-30,1148,88
2026-07-30,1149,54
2026-07-30,1150,0
2026-07-30,1151,72
2026-07-30,1152,17
2026-07-30,1153,83
2026-07-30,1154,100
2026-07-30,1155,34
2026-07-30,1156,34
2026-07-30,1157,93
2026-07-30,1158,80
2026-07-30,1159,15
2026-07-30,1160,0
2026-07-30,1161,101
2026-07-30,1162,36
2026-07-30,1163,30
2026-07-30,1164,0
2026-07-30,1165,76
2026-07-30,1166,16
2026-07-30,1167,59
2026-07-30,1168,0
2026-07-30,1169,79
2026-07-30,1170,34
2026-07-30,1171,30
2026-07-16,1001,11
2026-07-16,1002,3
2026-07-16,1003,11
2026-07-16,1004,5
2026-07-16,1005,5
2026-07-16,1006,0
2026-07-16,1007,10
2026-07-16,1008,15
2026-07-16,1010,0
2026-07-16,1100,39
2026-07-16,1101,55
2026-07-16,1102,56
2026-07-16,1103,67
2026-07-16,1104,101
2026-07-16,1105,11
2026-07-16,1106,10
2026-07-16,1107,8
2026-07-16,1108,22
2026-07-16,1109,108
2026-07-16,1110,14
2026-07-16,1111,8
2026-07-16,1112,58
2026-07-16,1113,50
2026-07-16,1114,18
2026-07-16,1115,92
2026-07-16,1116,28
2026-07-16,1117,26
2026-07-16,1118,9
2026-07-16,1119,24
2026-07-16,1120,49
2026-07-16,1121,62
2026-07-16,1122,80
2026-07-16,1123,47
2026-07-16,1124,95
2026-07-16,1125,10
2026-07-16,1126,104
2026-07-16,1127,30
2026-07-16,1128,39
2026-07-16,1129,113
2026-07-16,1130,59
2026-07-16,1131,37
2026-07-16,1132,14
2026-07-16,1133,48
2026-07-16,1134,69
2026-07-16,1135,32
2026-07-16,1136,32
2026-07-16,1137,80
2026-07-16,1138,35
2026-07-16,1139,5
2026-07-16,1140,95
2026-07-16,1141,83
2026-07-16,1142,46
2026-07-16,1143,116
2026-07-16,1144,68
2026-07-16,1145,94
2026-07-16,1146,75
2026-07-16,1147,87
2026-07-16,1148,92
2026-07-16,1149,53
2026-07-16,1150,10
2026-07-16,1151,103
2026-07-16,1152,30
2026-07-16,1153,77
2026-07-16,1154,83
2026-07-16,1155,23
2026-07-16,1156,22
2026-07-16,1157,119
2026-07-16,1158,93
2026-07-16,1159,24
2026-07-16,1160,21
2026-07-16,1161,87
2026-07-16,1162,30
2026-07-16,1163,41
2026-07-16,1164,13
2026-07-16,1165,88
2026-07-16,1166,15
2026-07-16,1167,76
2026-07-05,1100,36
2026-07-05,1101,52
2026-07-05,1102,71
2026-07-05,1103,90
2026-07-05,1104,93
2026-07-05,1105,25
2026-07-05,1106,15
2026-07-05,1107,13
2026-07-05,1108,38
2026-07-05,1109,115
2026-07-05,1110,27
2026-07-05,1111,25
2026-07-05,1112,60
2026-07-05,1113,49
2026-07-05,1114,17
2026-07-05,1115,104
2026-07-05,1116,22
2026-07-05,1117,34
2026-07-05,1118,23
2026-07-05,1119,33
2026-07-05,1120,76
2026-07-05,1121,76
2026-07-05,1122,79
2026-07-05,1123,49
2026-07-05,1124,109
2026-07-05,1125,11
2026-07-05,1126,119
2026-07-05,1127,38
2026-07-05,1128,44
2026-07-05,1129,117
2026-07-05,1130,63
2026-07-05,1131,42
2026-07-05,1132,24
2026-07-05,1133,45
2026-07-05,1134,58
2026-07-05,1135,38
2026-07-05,1136,40
2026-07-05,1137,103
2026-07-05,1138,31
2026-07-05,1139,25
2026-07-05,1140,95
2026-07-05,1141,87
2026-07-05,1142,49
2026-07-05,1143,124
2026-07-05,1144,78
2026-07-05,1145,92
2026-07-05,1146,91
2026-07-05,1147,92
2026-07-05,1148,99
2026-07-05,1149,57
2026-07-05,1150,14
2026-07-05,1151,111
2026-07-05,1152,43
2026-07-05,1153,91
2026-07-05,1154,97
2026-07-05,1155,28
2026-07-05,1156,33
2026-07-05,1157,115
2026-07-05,1158,98
2026-07-05,1159,36
2026-07-05,1160,8
2026-07-05,1161,95
2026-07-05,1162,51
2026-07-05,1163,39
2026-07-05,1164,16
2026-07-05,1165,92
2026-07-05,1166,32
2026-07-05,1167,79
2026-07-05,1168,11
2026-07-05,1169,88
2026-07-05,1170,40
2026-07-05,1171,29
2026-07-15,1001,4
2026-07-15,1002,2
2026-07-15,1003,4
2026-07-15,1004,6
2026-07-15,1005,4
2026-07-15,1006,0
2026-07-15,1007,3
2026-07-15,1008,16
2026-07-15,1010,0
2026-07-15,1100,43
2026-07-15,1101,49
2026-07-15,1102,57
2026-07-15,1103,73
2026-07-15,1104,102
2026-07-15,1105,25
2026-07-15,1106,3
2026-07-15,1107,20
2026-07-15,1108,30
2026-07-15,1109,104
2026-07-15,1110,13
2026-07-15,1111,20
2026-07-15,1112,52
2026-07-15,1113,33
2026-07-15,1114,20
2026-07-15,1115,83
2026-07-15,1116,6
2026-07-15,1117,22
2026-07-15,1118,20
2026-07-15,1119,15
2026-07-15,1120,63
2026-07-15,1121,67
2026-07-15,1122,65
2026-07-15,1123,41
2026-07-15,1124,105
2026-07-15,1125,1
2026-07-15,1126,107
2026-07-15,1127,32
2026-07-15,1128,38
2026-07-15,1129,118
2026-07-15,1130,64
2026-07-15,1131,42
2026-07-15,1139,29
2026-07-15,1141,90
2026-07-15,1142,46
2026-07-15,1143,124
2026-07-15,1144,59
2026-07-15,1145,91
2026-07-15,1146,81
2026-07-15,1147,82
2026-07-15,1148,88
2026-07-15,1149,51
2026-07-15,1150,15
2026-07-15,1151,108
2026-07-15,1152,31
2026-07-15,1153,77
2026-07-15,1154,99
2026-07-15,1155,19
2026-07-15,1156,28
2026-07-15,1157,110
2026-07-15,1158,97
2026-07-15,1159,12
2026-07-15,1160,20
2026-07-15,1161,87
2026-07-26,1100,29
2026-07-26,1101,37
2026-07-26,1102,47
2026-07-26,1103,83
2026-07-26,1104,75
2026-07-26,1105,7
2026-07-26,1106,9
2026-07-26,1107,26
2026-07-26,1108,0
2026-07-26,1109,104
2026-07-26,1110,6
2026-07-26,1111,8
2026-07-26,1112,39
2026-07-26,1113,36
2026-07-26,1114,16
2026-07-26,1115,101
2026-07-26,1116,4
2026-07-26,1117,9
2026-07-26,1118,24
2026-07-26,1119,19
2026-07-26,1120,55
2026-07-26,1121,80
2026-07-26,1122,77
2026-07-26,1123,43
2026-07-26,1124,85
2026-07-26,1125,6
2026-07-26,1126,111
2026-07-26,1127,39
2026-07-26,1128,30
2026-07-26,1129,113
2026-07-26,1130,46
2026-07-26,1138,3
2026-07-26,1140,80
2026-07-26,1141,78
2026-07-26,1142,43
2026-07-26,1143,84
2026-07-26,1144,54
2026-07-26,1145,76
2026-07-26,1146,67
2026-07-26,1147,97
2026-07-26,1148,63
2026-07-26,1149,34
2026-07-26,1150,3
2026-07-26,1151,94
2026-07-26,1152,4
2026-07-26,1153,87
2026-07-26,1154,83
2026-07-26,1155,16
2026-07-26,1156,8
2026-07-26,1157,100
2026-07-26,1158,87
2026-07-26,1159,24
2026-07-26,1160,6
2026-07-26,1161,62
2026-07-26,1162,42
2026-07-26,1163,18
2026-07-26,1164,5
2026-07-26,1165,75
2026-07-26,1166,11
2026-07-26,1167,75
2026-07-26,1168,0
2026-07-26,1169,91
2026-07-26,1170,33
2026-07-26,1171,20
2026-07-13,1001,6
2026-07-13,1002,2
2026-07-13,1003,6
2026-07-13,1004,8
2026-07-13,1005,7
2026-07-13,1006,0
2026-07-13,1007,5
2026-07-13,1008,18
2026-07-13,1010,0
2026-07-13,1119,39
2026-07-13,1120,63
2026-07-13,1121,72
2026-07-13,1122,74
2026-07-13,1123,49
2026-07-13,1124,112
2026-07-13,1125,6
2026-07-13,1126,112
2026-07-13,1127,40
2026-07-13,1128,32
2026-07-13,1129,116
2026-07-13,1138,21
2026-07-13,1140,99
2026-07-13,1141,91
2026-07-13,1142,46
2026-07-13,1143,110
2026-07-13,1144,67
2026-07-13,1145,97
2026-07-13,1146,99
2026-07-13,1147,77
2026-07-13,1148,87
2026-07-13,1149,58
2026-07-13,1150,10
2026-07-13,1151,103
2026-07-13,1152,27
2026-07-13,1153,78
2026-07-13,1154,97
2026-07-13,1155,24
2026-07-13,1156,12
2026-07-13,1157,103
2026-07-13,1158,102
2026-07-13,1159,16
2026-07-13,1160,10
2026-07-13,1161,79
2026-07-13,1162,48
2026-07-13,1163,38
2026-07-13,1164,5
2026-07-13,1165,92
2026-07-13,1166,19
2026-07-13,1167,85
2026-07-13,1168,10
2026-07-13,1169,68
2026-07-13,1170,27
2026-07-13,1171,22
2026-07-21,1100,34
2026-07-21,1101,50
2026-07-21,1102,37
2026-07-21,1103,64
2026-07-21,1104,74
2026-07-21,1105,9
2026-07-21,1106,7
2026-07-21,1107,21
2026-07-21,1108,22
2026-07-21,1109,97
2026-07-21,1110,4
2026-07-21,1111,10
2026-07-21,1112,35
2026-07-21,1113,32
2026-07-21,1114,22
2026-07-21,1115,84
2026-07-21,1116,15
2026-07-21,1117,29
2026-07-21,1118,15
2026-07-21,1119,34
2026-07-21,1120,52
2026-07-21,1121,65
2026-07-21,1122,61
2026-07-21,1123,27
2026-07-21,1124,96
2026-07-21,1125,6
2026-07-21,1126,114
2026-07-21,1127,26
2026-07-21,1128,34
2026-07-21,1129,100
2026-07-21,1130,64
2026-07-21,1131,42
2026-07-21,1132,21
2026-07-21,1133,22
2026-07-21,1134,41
2026-07-21,1135,20
2026-07-21,1136,22
2026-07-21,1137,82
2026-07-21,1138,6
2026-07-21,1139,19
2026-07-21,1140,79
2026-07-21,1141,83
2026-07-21,1142,41
2026-07-21,1143,116
2026-07-21,1144,51
2026-07-21,1145,85
2026-07-21,1146,97
2026-07-21,1147,79
2026-07-21,1148,80
2026-07-21,1149,51
2026-07-21,1150,16
2026-07-21,1151,97
2026-07-21,1152,9
2026-07-21,1153,76
2026-07-21,1154,78
2026-07-21,1155,16
2026-07-21,1156,20
2026-07-21,1157,112
2026-07-21,1158,100
2026-07-21,1159,9
2026-07-21,1160,13
2026-07-21,1161,70
2026-07-21,1162,49
2026-07-18,1109,109
2026-07-18,1110,27
2026-07-18,1111,20
2026-07-18,1112,48
2026-07-18,1113,41
2026-07-18,1114,10
2026-07-18,1115,87
2026-07-18,1116,13
2026-07-18,1117,10
2026-07-18,1118,14
2026-07-18,1119,38
2026-07-18,1120,69
2026-07-18,1121,75
2026-07-18,1122,84
2026-07-18,1123,49
2026-07-18,1124,97
2026-07-18,1125,0
2026-07-18,1126,100
2026-07-18,1127,32
2026-07-18,1128,31
2026-07-18,1129,116
2026-07-18,1130,66
2026-07-18,1131,48
2026-07-18,1132,19
2026-07-18,1133,43
2026-07-18,1134,42
2026-07-18,1135,37
2026-07-18,1136,35
2026-07-18,1137,88
2026-07-18,1138,30
2026-07-18,1139,0
2026-07-18,1140,86
2026-07-18,1141,79
2026-07-18,1142,44
2026-07-18,1143,115
2026-07-18,1144,75
2026-07-18,1145,85
2026-07-18,1146,74
2026-07-18,1147,82
2026-07-18,1148,75
2026-07-18,1149,57
2026-07-18,1150,3
2026-07-18,1151,97
2026-07-18,1152,9
2026-07-18,1153,73
2026-07-18,1154,101
2026-07-18,1155,10
2026-07-18,1156,21
2026-07-18,1157,118
2026-07-18,1158,101
2026-07-18,1159,31
2026-07-18,1160,8
2026-07-18,1161,86
2026-07-18,1162,50
2026-07-18,1163,27
2026-07-18,1164,17
2026-07-18,1165,81
2026-07-20,1108,31
2026-07-20,1109,105
2026-07-20,1110,2
2026-07-20,1111,16
2026-07-20,1112,64
2026-07-20,1113,42
2026-07-20,1114,16
2026-07-20,1123,41
2026-07-20,1125,0
2026-07-20,1126,120
2026-07-20,1127,37
2026-07-20,1128,36
2026-07-20,1129,94
2026-07-20,1130,71
2026-07-20,1131,49
2026-07-20,1132,13
2026-07-20,1133,49
2026-07-20,1134,59
2026-07-20,1135,34
2026-07-20,1136,33
2026-07-20,1137,79
2026-07-20,1138,16
2026-07-20,1139,16
2026-07-20,1140,85
2026-07-20,1141,85
2026-07-20,1142,39
2026-07-20,1143,99
2026-07-20,1144,66
2026-07-20,1145,65
2026-07-20,1146,96
2026-07-20,1147,74
2026-07-20,1148,83
2026-07-20,1149,59
2026-07-20,1150,4
2026-07-07,1100,35
2026-07-07,1101,61
2026-07-07,1102,65
2026-07-07,1103,87
2026-07-07,1104,103
2026-07-07,1105,28
2026-07-07,1106,7
2026-07-07,1107,13
2026-07-07,1108,22
2026-07-07,1109,123
2026-07-07,1110,26
2026-07-07,1111,31
2026-07-07,1112,60
2026-07-07,1113,41
2026-07-07,1114,16
2026-07-07,1115,97
2026-07-07,1116,16
2026-07-07,1117,33
2026-07-07,1118,17
2026-07-07,1119,30
2026-07-07,1120,75
2026-07-07,1121,72
2026-07-07,1122,79
2026-07-07,1123,47
2026-07-07,1124,120
2026-07-07,1125,18
2026-07-07,1126,110
2026-07-07,1127,42
2026-07-07,1128,36
2026-07-07,1129,119
2026-07-07,1130,66
2026-07-07,1131,48
2026-07-07,1139,22
2026-07-07,1141,81
2026-07-07,1142,50
2026-07-07,1143,116
2026-07-07,1144,72
2026-07-07,1145,88
2026-07-07,1146,99
2026-07-07,1147,98
2026-07-07,1148,87
2026-07-07,1149,63
2026-07-07,1150,23
2026-07-07,1151,110
2026-07-07,1152,34
2026-07-07,1153,84
2026-07-07,1154,92
2026-07-07,1155,29
2026-07-07,1156,34
2026-07-07,1157,110
2026-07-07,1158,97
2026-07-07,1159,37
2026-07-07,1160,18
2026-07-07,1161,91
2026-07-14,1109,121
2026-07-14,1110,28
2026-07-14,1111,27
2026-07-14,1112,60
2026-07-14,1113,37
2026-07-14,1114,9
2026-07-14,1115,90
2026-07-14,1116,8
2026-07-14,1117,13
2026-07-14,1118,20
2026-07-14,1119,22
2026-07-14,1120,68
2026-07-14,1121,67
2026-07-14,1122,88
2026-07-14,1123,47
2026-07-14,1124,109
2026-07-14,1125,11
2026-07-14,1126,110
2026-07-14,1127,44
2026-07-14,1128,34
2026-07-14,1129,108
2026-07-14,1138,21
2026-07-14,1140,82
2026-07-14,1141,85
2026-07-14,1142,44
2026-07-14,1143,112
2026-07-14,1144,71
2026-07-14,1145,77
2026-07-14,1146,90
2026-07-14,1147,87
2026-07-14,1148,92
2026-07-14,1149,60
2026-07-14,1150,9
2026-07-14,1151,98
2026-07-14,1152,22
2026-07-14,1153,80
2026-07-14,1154,83
2026-07-14,1155,13
2026-07-14,1156,21
2026-07-14,1157,115
2026-07-14,1158,83
2026-07-14,1159,29
2026-07-14,1160,3
2026-07-14,1161,87
2026-07-14,1162,56
2026-07-14,1163,41
2026-07-14,1164,14
2026-07-14,1165,94
2026-07-11,1105,28
2026-07-11,1106,7
2026-07-11,1107,12
2026-07-11,1108,36
2026-07-11,1109,111
2026-07-11,1110,25
2026-07-11,1111,11
2026-07-11,1112,72
2026-07-11,1113,33
2026-07-11,1114,8
2026-07-11,1123,47
2026-07-11,1125,6
2026-07-11,1126,118
2026-07-11,1127,39
2026-07-11,1128,42
2026-07-11,1129,117
2026-07-11,1130,54
2026-07-11,1131,35
2026-07-11,1132,20
2026-07-11,1133,50
2026-07-11,1134,67
2026-07-11,1135,30
2026-07-11,1136,39
2026-07-11,1137,89
2026-07-11,1138,33
2026-07-11,1139,14
2026-07-11,1140,81
2026-07-11,1141,89
2026-07-11,1142,46
2026-07-11,1143,121
2026-07-11,1144,69
2026-07-11,1145,86
2026-07-11,1146,93
2026-07-11,1147,100
2026-07-11,1148,84
2026-07-11,1149,55
2026-07-11,1150,10
2026-07-11,1151,98
2026-07-11,1152,29
2026-07-11,1153,80
2026-07-11,1154,87
2026-07-11,1155,29
2026-07-11,1156,20
2026-07-11,1157,116
2026-07-11,1158,88
2026-07-11,1159,18
2026-07-11,1160,10
2026-07-11,1161,86
2026-07-23,1104,94
2026-07-23,1105,6
2026-07-23,1106,17
2026-07-23,1107,6
2026-07-23,1108,8
2026-07-23,1109,87
2026-07-23,1110,24
2026-07-23,1111,1
2026-07-23,1112,44
2026-07-23,1113,38
2026-07-23,1114,24
2026-07-23,1115,89
2026-07-23,1116,0
2026-07-23,1117,19
2026-07-23,1118,19
2026-07-23,1119,16
2026-07-23,1120,54
2026-07-23,1121,71
2026-07-23,1122,55
2026-07-23,1123,49
2026-07-23,1124,98
2026-07-23,1125,0
2026-07-23,1126,99
2026-07-23,1127,35
2026-07-23,1128,34
2026-07-23,1129,91
2026-07-23,1130,62
2026-07-23,1131,26
2026-07-23,1132,23
2026-07-23,1133,20
2026-07-23,1134,43
2026-07-23,1135,12
2026-07-23,1136,34
2026-07-23,1137,72
2026-07-23,1138,34
2026-07-23,1139,18
2026-07-23,1140,67
2026-07-23,1141,88
2026-07-23,1142,43
2026-07-23,1143,114
2026-07-23,1144,72
2026-07-23,1145,85
2026-07-23,1146,72
2026-07-23,1147,84
2026-07-23,1148,85
2026-07-23,1149,53
2026-07-23,1150,0
2026-07-23,1151,86
2026-07-23,1152,27
2026-07-23,1153,68
2026-07-23,1154,67
2026-07-23,1155,18
2026-07-23,1156,17
2026-07-23,1157,93
2026-07-23,1158,86
2026-07-23,1159,4
2026-07-23,1160,0
2026-07-23,1161,70
2026-07-04,1001,7
2026-07-04,1002,2
2026-07-04,1003,7
2026-07-04,1004,6
2026-07-04,1005,5
2026-07-04,1006,0
2026-07-04,1007,6
2026-07-04,1008,17
2026-07-04,1010,0
2026-07-04,1108,31
2026-07-04,1109,118
2026-07-04,1110,26
2026-07-04,1111,26
2026-07-04,1112,65
2026-07-04,1113,47
2026-07-04,1114,20
2026-07-04,1115,94
2026-07-04,1116,16
2026-07-04,1117,27
2026-07-04,1118,26
2026-07-04,1119,39
2026-07-04,1120,71
2026-07-04,1121,74
2026-07-04,1122,92
2026-07-04,1123,48
2026-07-04,1124,109
2026-07-04,1125,16
2026-07-04,1126,125
2026-07-04,1127,48
2026-07-04,1128,40
2026-07-04,1129,107
2026-07-04,1130,65
2026-07-04,1131,50
2026-07-04,1132,19
2026-07-04,1133,52
2026-07-04,1134,73
2026-07-04,1135,43
2026-07-04,1136,37
2026-07-04,1137,90
2026-07-04,1138,33
2026-07-04,1139,19
2026-07-04,1140,103
2026-07-04,1141,92
2026-07-04,1142,50
2026-07-04,1143,116
2026-07-04,1144,77
2026-07-04,1145,95
2026-07-04,1146,100
2026-07-04,1147,93
2026-07-04,1148,95
2026-07-04,1149,61
2026-07-04,1150,23
2026-07-25,1103,53
2026-07-25,1104,78
2026-07-25,1105,9
2026-07-25,1106,7
2026-07-25,1107,0
2026-07-25,1108,34
2026-07-25,1109,107
2026-07-25,1110,25
2026-07-25,1111,10
2026-07-25,1112,45
2026-07-25,1113,41
2026-07-25,1114,0
2026-07-25,1115,96
2026-07-25,1116,4
2026-07-25,1117,19
2026-07-25,1118,0
2026-07-25,1119,11
2026-07-25,1120,46
2026-07-25,1121,62
2026-07-25,1122,76
2026-07-25,1123,55
2026-07-25,1124,102
2026-07-25,1125,0
2026-07-25,1126,102
2026-07-25,1127,7
2026-07-25,1128,31
2026-07-25,1129,99
2026-07-25,1130,70
2026-07-25,1131,35
2026-07-25,1132,8
2026-07-25,1133,35
2026-07-25,1134,50
2026-07-25,1135,20
2026-07-25,1136,27
2026-07-25,1137,84
2026-07-25,1138,20
2026-07-25,1139,11
2026-07-25,1140,78
2026-07-25,1141,77
2026-07-25,1142,35
2026-07-25,1143,106
2026-07-25,1144,47
2026-07-25,1145,70
2026-07-25,1146,89
2026-07-25,1147,70
2026-07-25,1148,92
2026-07-25,1149,40
2026-07-25,1150,20
2026-07-25,1151,98
2026-07-25,1152,15
2026-07-25,1153,76
2026-07-25,1154,94
2026-07-25,1155,3
2026-07-25,1156,8
2026-07-25,1157,118
2026-07-25,1158,79
2026-07-25,1159,9
2026-07-25,1160,13
2026-07-25,1161,83
2026-07-27,1105,10
2026-07-27,1106,16
2026-07-27,1107,12
2026-07-27,1108,12
2026-07-27,1109,100
2026-07-27,1110,13
2026-07-27,1111,3
2026-07-27,1112,53
2026-07-27,1113,21
2026-07-27,1114,11
2026-07-27,1123,26
2026-07-27,1125,8
2026-07-27,1126,116
2026-07-27,1127,15
2026-07-27,1128,25
2026-07-27,1129,102
2026-07-27,1130,34
2026-07-27,1131,30
2026-07-27,1132,15
2026-07-27,1133,16
2026-07-27,1134,37
2026-07-27,1135,18
2026-07-27,1136,19
2026-07-27,1137,69
2026-07-27,1138,6
2026-07-27,1139,12
2026-07-27,1140,79
2026-07-27,1141,64
2026-07-27,1142,39
2026-07-27,1143,95
2026-07-27,1144,45
2026-07-27,1145,62
2026-07-27,1146,79
2026-07-27,1147,70
2026-07-27,1148,64
2026-07-27,1149,58
2026-07-27,1150,9
2026-07-27,1151,96
2026-07-27,1152,15
2026-07-27,1153,62
2026-07-27,1154,83
2026-07-27,1155,35
2026-07-27,1156,16
2026-07-27,1157,98
2026-07-27,1158,61
2026-07-27,1159,19
2026-07-27,1160,0
2026-07-27,1161,70
2026-07-02,1001,9
2026-07-02,1002,0
2026-07-02,1003,9
2026-07-02,1004,10
2026-07-02,1005,0
2026-07-02,1006,0
2026-07-02,1007,8
2026-07-02,1008,19
2026-07-02,1010,0
2026-07-02,1109,112
2026-07-02,1110,32
2026-07-02,1111,28
2026-07-02,1112,68
2026-07-02,1113,49
2026-07-02,1114,27
2026-07-02,1115,118
2026-07-02,1116,15
2026-07-02,1117,27
2026-07-02,1118,23
2026-07-02,1119,28
2026-07-02,1120,77
2026-07-02,1121,80
2026-07-02,1122,86
2026-07-02,1123,44
2026-07-02,1124,119
2026-07-02,1125,21
2026-07-02,1126,114
2026-07-02,1127,45
2026-07-02,1128,43
2026-07-02,1129,121
2026-07-02,1138,33
2026-07-02,1140,88
2026-07-02,1141,87
2026-07-02,1142,57
2026-07-02,1143,116
2026-07-02,1144,71
2026-07-02,1145,87
2026-07-02,1146,93
2026-07-02,1147,91
2026-07-02,1148,94
2026-07-02,1149,70
2026-07-02,1150,28
2026-07-02,1151,105
2026-07-02,1152,31
2026-07-02,1153,83
2026-07-02,1154,95
2026-07-02,1155,46
2026-07-02,1156,25
2026-07-02,1157,125
2026-07-02,1158,103
2026-07-02,1159,38
2026-07-02,1160,26
2026-07-02,1161,94
2026-07-02,1162,44
2026-07-02,1163,47
2026-07-02,1164,17
2026-07-02,1165,97
2026-07-06,1108,33
2026-07-06,1109,115
2026-07-06,1110,26
2026-07-06,1111,22
2026-07-06,1112,64
2026-07-06,1113,47
2026-07-06,1114,17
2026-07-06,1115,91
2026-07-06,1116,16
2026-07-06,1117,26
2026-07-06,1118,16
2026-07-06,1119,34
2026-07-06,1120,70
2026-07-06,1121,84
2026-07-06,1122,75
2026-07-06,1123,54
2026-07-06,1124,112
2026-07-06,1125,16
2026-07-06,1126,125
2026-07-06,1127,40
2026-07-06,1128,41
2026-07-06,1129,122
2026-07-06,1138,41
2026-07-06,1140,84
2026-07-06,1141,82
2026-07-06,1142,49
2026-07-06,1143,123
2026-07-06,1144,66
2026-07-06,1145,91
2026-07-06,1146,101
2026-07-06,1147,93
2026-07-06,1148,80
2026-07-06,1149,54
2026-07-06,1150,13
2026-07-06,1151,109
2026-07-06,1152,33
2026-07-06,1153,77
2026-07-06,1154,101
2026-07-06,1155,28
2026-07-06,1156,22
2026-07-06,1157,109
2026-07-06,1158,102
2026-07-06,1159,22
2026-07-06,1160,27
2026-07-06,1161,96
2026-07-06,1162,42
2026-07-06,1163,47
2026-07-06,1164,30
2026-07-06,1165,103
2026-07-31,1105,0
2026-07-31,1106,5
2026-07-31,1107,11
2026-07-31,1108,33
2026-07-31,1109,103
2026-07-31,1110,25
2026-07-31,1111,27
2026-07-31,1112,49
2026-07-31,1113,21
2026-07-31,1114,27
2026-07-31,1115,80
2026-07-31,1116,9
2026-07-31,1117,0
2026-07-31,1118,3
2026-07-31,1119,18
2026-07-31,1120,57
2026-07-31,1121,73
2026-07-31,1122,77
2026-07-31,1123,14
2026-07-31,1124,102
2026-07-31,1125,2
2026-07-31,1126,113
2026-07-31,1127,20
2026-07-31,1128,37
2026-07-31,1129,124
2026-07-31,1130,59
2026-07-31,1131,20
2026-07-31,1132,0
2026-07-31,1133,33
2026-07-31,1134,73
2026-07-31,1135,15
2026-07-31,1136,8
2026-07-31,1137,66
2026-07-31,1138,2
2026-07-31,1139,14
2026-07-31,1140,51
2026-07-31,1141,66
2026-07-31,1142,43
2026-07-31,1143,114
2026-07-31,1144,74
2026-07-31,1145,69
2026-07-31,1146,75
2026-07-31,1147,70
2026-07-31,1148,80
2026-07-31,1149,64
2026-07-31,1150,0
2026-07-31,1151,88
2026-07-31,1152,30
2026-07-31,1153,77
2026-07-31,1154,74
2026-07-31,1155,15
2026-07-31,1156,22
2026-07-31,1157,103
2026-07-31,1158,62
2026-07-31,1159,13
2026-07-31,1160,14
2026-07-31,1161,55
2026-07-31,1162,31
2026-07-31,1163,15
2026-07-31,1164,12
2026-07-31,1165,90
2026-07-31,1166,0
2026-07-31,1167,62
2026-07-31,1168,3
2026-07-31,1169,67
2026-07-31,1170,37
2026-07-31,1171,0
2026-07-17,1131,40
2026-07-17,1132,21
2026-07-17,1133,46
2026-07-17,1134,53
2026-07-17,1135,31
2026-07-17,1136,36
2026-07-17,1137,100
2026-07-17,1139,12
2026-07-09,1100,37
2026-07-09,1101,54
2026-07-09,1102,62
2026-07-10,1001,9
2026-07-10,1002,2
2026-07-10,1003,9
2026-07-10,1004,11
2026-07-10,1005,4
2026-07-10,1006,0
2026-07-10,1007,8
2026-07-10,1008,21
2026-07-10,1010,0
2026-07-10,1100,36
2026-07-10,1101,47
2026-07-10,1102,60
2026-07-10,1103,86
2026-07-10,1104,89
2026-07-10,1105,28
2026-07-10,1106,17
2026-07-10,1107,4
2026-07-10,1108,29
2026-07-24,1001,11
2026-07-24,1002,2
2026-07-24,1003,11
2026-07-24,1004,6
2026-07-24,1005,8
2026-07-24,1006,0
2026-07-24,1007,10
2026-07-24,1008,17
2026-07-24,1010,0
2026-07-28,1152,34
2026-07-28,1153,77
2026-07-28,1154,88
2026-07-28,1155,0
2026-07-28,1156,5
2026-07-28,1157,109
2026-07-28,1158,81
2026-07-28,1159,17
2026-07-28,1160,11
2026-07-28,1161,69
2026-07-28,1162,18
2026-07-28,1163,16
2026-07-28,1164,0
2026-07-28,1165,74
2026-07-28,1166,1
2026-07-28,1167,56
2026-07-28,1168,0
2026-07-28,1169,51
2026-07-28,1170,28
2026-07-28,1171,7
2026-07-01,1131,49
2026-07-01,1132,34
2026-07-01,1133,49
2026-07-01,1134,72
2026-07-01,1135,40
2026-07-01,1136,48
2026-07-01,1137,101
2026-07-01,1139,17
2026-07-12,1001,7
2026-07-12,1002,2
2026-07-12,1003,7
2026-07-12,1004,9
2026-07-12,1005,6
2026-07-12,1006,0
2026-07-12,1007,6
2026-07-12,1008,19
2026-07-12,1010,0
2026-07-30,1001,5
2026-07-30,1002,2
2026-07-30,1003,5
2026-07-30,1004,9
2026-07-30,1005,4
2026-07-30,1006,0
2026-07-30,1007,4
2026-07-30,1008,21
2026-07-30,1010,0
2026-07-30,1100,28
2026-07-30,1101,23
2026-07-30,1102,66
2026-07-30,1103,79
2026-07-30,1104,91
2026-07-30,1105,20
2026-07-30,1106,8
2026-07-30,1107,0
2026-07-16,1168,19
2026-07-16,1169,82
2026-07-16,1170,37
2026-07-16,1171,40
2026-07-05,1001,6
2026-07-05,1002,0
2026-07-05,1003,6
2026-07-05,1004,5
2026-07-05,1005,5
2026-07-05,1006,0
2026-07-05,1007,5
2026-07-05,1008,16
2026-07-05,1010,0
2026-07-15,1132,12
2026-07-15,1133,46
2026-07-15,1134,56
2026-07-15,1135,29
2026-07-15,1136,37
2026-07-15,1137,86
2026-07-15,1138,25
2026-07-15,1140,73
2026-07-15,1162,46
2026-07-15,1163,28
2026-07-15,1164,18
2026-07-15,1165,95
2026-07-15,1166,6
2026-07-15,1167,66
2026-07-15,1168,11
2026-07-15,1169,90
2026-07-15,1170,34
2026-07-15,1171,33
2026-07-26,1001,9
2026-07-26,1002,3
2026-07-26,1003,9
2026-07-26,1004,4
2026-07-26,1005,5
2026-07-26,1006,0
2026-07-26,1007,8
2026-07-26,1008,15
2026-07-26,1010,0
2026-07-26,1131,35
2026-07-26,1132,1
2026-07-26,1133,47
2026-07-26,1134,62
2026-07-26,1135,14
2026-07-26,1136,35
2026-07-26,1137,74
2026-07-26,1139,8
2026-07-13,1100,35
2026-07-13,1101,59
2026-07-13,1102,64
2026-07-13,1103,84
2026-07-13,1104,93
2026-07-13,1105,13
2026-07-13,1106,9
2026-07-13,1107,5
2026-07-13,1108,14
2026-07-13,1109,113
2026-07-13,1110,16
2026-07-13,1111,17
2026-07-13,1112,52
2026-07-13,1113,45
2026-07-13,1114,23
2026-07-13,1115,86
2026-07-13,1116,10
2026-07-13,1117,20
2026-07-13,1118,10
2026-07-13,1130,61
2026-07-13,1131,46
2026-07-13,1132,38
2026-07-13,1133,44
2026-07-13,1134,69
2026-07-13,1135,22
2026-07-13,1136,49
2026-07-13,1137,81
2026-07-13,1139,26
2026-07-21,1001,6
2026-07-21,1002,3
2026-07-21,1003,6
2026-07-21,1004,9
2026-07-21,1005,5
2026-07-21,1006,0
2026-07-21,1007,5
2026-07-21,1008,20
2026-07-21,1010,0
2026-07-21,1163,34
2026-07-21,1164,9
2026-07-21,1165,98
2026-07-21,1166,18
2026-07-21,1167,68
2026-07-21,1168,13
2026-07-21,1169,89
2026-07-21,1170,28
2026-07-21,1171,19
2026-07-18,1001,9
2026-07-18,1002,2
2026-07-18,1003,9
2026-07-18,1004,12
2026-07-18,1005,7
2026-07-18,1006,0
2026-07-18,1007,8
2026-07-18,1008,13
2026-07-18,1010,0
2026-07-18,1100,34
2026-07-18,1101,59
2026-07-18,1102,60
2026-07-18,1103,68
2026-07-18,1104,95
2026-07-18,1105,0
2026-07-18,1106,5
2026-07-18,1107,6
2026-07-18,1108,16
2026-07-18,1166,25
2026-07-18,1167,70
2026-07-18,1168,0
2026-07-18,1169,71
2026-07-18,1170,36
2026-07-18,1171,44
2026-07-20,1001,7
2026-07-20,1002,2
2026-07-20,1003,7
2026-07-20,1004,10
2026-07-20,1005,4
2026-07-20,1006,0
2026-07-20,1007,6
2026-07-20,1008,21
2026-07-20,1010,0
2026-07-20,1100,42
2026-07-20,1101,33
2026-07-20,1102,65
2026-07-20,1103,71
2026-07-20,1104,86
2026-07-20,1105,3
2026-07-20,1106,0
2026-07-20,1107,9
2026-07-20,1115,85
2026-07-20,1116,11
2026-07-20,1117,22
2026-07-20,1118,9
2026-07-20,1119,16
2026-07-20,1120,48
2026-07-20,1121,53
2026-07-20,1122,58
2026-07-20,1124,108
2026-07-20,1151,106
2026-07-20,1152,10
2026-07-20,1153,79
2026-07-20,1154,80
2026-07-20,1155,13
2026-07-20,1156,28
2026-07-20,1157,103
2026-07-20,1158,97
2026-07-20,1159,33
2026-07-20,1160,13
2026-07-20,1161,84
2026-07-20,1162,32
2026-07-20,1163,35
2026-07-20,1164,0
2026-07-20,1165,90
2026-07-20,1166,24
2026-07-20,1167,56
2026-07-20,1168,0
2026-07-20,1169,84
2026-07-20,1170,29
2026-07-20,1171,7
2026-07-07,1001,4
2026-07-07,1002,2
2026-07-07,1003,4
2026-07-07,1004,5
2026-07-07,1005,6
2026-07-07,1006,0
2026-07-07,1007,3
2026-07-07,1008,14
2026-07-07,1010,0
2026-07-07,1132,14
2026-07-07,1133,53
2026-07-07,1134,61
2026-07-07,1135,34
2026-07-07,1136,37
2026-07-07,1137,111
2026-07-07,1138,29
2026-07-07,1140,90
2026-07-07,1162,53
2026-07-07,1163,41
2026-07-07,1164,11
2026-07-07,1165,94
2026-07-07,1166,28
2026-07-07,1167,83
2026-07-07,1168,11
2026-07-07,1169,91
2026-07-07,1170,33
2026-07-07,1171,36
2026-07-14,1001,5
2026-07-14,1002,3
2026-07-14,1003,5
2026-07-14,1004,7
2026-07-14,1005,8
2026-07-14,1006,0
2026-07-14,1007,4
2026-07-14,1008,17
2026-07-14,1010,0
2026-07-14,1100,31
2026-07-14,1101,49
2026-07-14,1102,49
2026-07-14,1103,80
2026-07-14,1104,86
2026-07-14,1105,32
2026-07-14,1106,18
2026-07-14,1107,4
2026-07-14,1108,23
2026-07-14,1130,65
2026-07-14,1131,63
2026-07-14,1132,16
2026-07-14,1133,43
2026-07-14,1134,65
2026-07-14,1135,33
2026-07-14,1136,38
2026-07-14,1137,78
2026-07-14,1139,14
2026-07-14,1166,27
2026-07-14,1167,81
2026-07-14,1168,7
2026-07-14,1169,81
2026-07-14,1170,35
2026-07-14,1171,21
2026-07-11,1001,8
2026-07-11,1002,3
2026-07-11,1003,8
2026-07-11,1004,10
2026-07-11,1005,5
2026-07-11,1006,0
2026-07-11,1007,7
2026-07-11,1008,20
2026-07-11,1010,0
2026-07-11,1100,35
2026-07-11,1101,48
2026-07-11,1102,63
2026-07-11,1103,70
2026-07-11,1104,92
2026-07-11,1115,89
2026-07-11,1116,10
2026-07-11,1117,24
2026-07-11,1118,13
2026-07-11,1119,25
2026-07-11,1120,67
2026-07-11,1121,74
2026-07-11,1122,79
2026-07-11,1124,104
2026-07-11,1162,52
2026-07-11,1163,33
2026-07-11,1164,8
2026-07-11,1165,93
2026-07-11,1166,25
2026-07-11,1167,80
2026-07-11,1168,3
2026-07-11,1169,75
2026-07-11,1170,32
2026-07-11,1171,32
2026-07-23,1001,4
2026-07-23,1002,4
2026-07-23,1003,4
2026-07-23,1004,7
2026-07-23,1005,7
2026-07-23,1006,0
2026-07-23,1007,3
2026-07-23,1008,18
2026-07-23,1010,0
2026-07-23,1100,29
2026-07-23,1101,49
2026-07-23,1102,55
2026-07-23,1103,68
2026-07-23,1162,27
2026-07-23,1163,36
2026-07-23,1164,18
2026-07-23,1165,81
2026-07-23,1166,11
2026-07-23,1167,86
2026-07-23,1168,6
2026-07-23,1169,73
2026-07-23,1170,25
2026-07-23,1171,22
2026-07-04,1100,35
2026-07-04,1101,48
2026-07-04,1102,60
2026-07-04,1103,82
2026-07-04,1104,89
2026-07-04,1105,37
2026-07-04,1106,12
2026-07-04,1107,8
2026-07-04,1151,98
2026-07-04,1152,24
2026-07-04,1153,89
2026-07-04,1154,99
2026-07-04,1155,35
2026-07-04,1156,25
2026-07-04,1157,128
2026-07-04,1158,92
2026-07-04,1159,40
2026-07-04,1160,19
2026-07-04,1161,101
2026-07-04,1162,55
2026-07-04,1163,44
2026-07-04,1164,17
2026-07-04,1165,92
2026-07-04,1166,25
2026-07-04,1167,75
2026-07-04,1168,6
2026-07-04,1169,93
2026-07-04,1170,38
2026-07-04,1171,39
2026-07-25,1001,10
2026-07-25,1002,2
2026-07-25,1003,10
2026-07-25,1004,5
2026-07-25,1005,4
2026-07-25,1006,0
2026-07-25,1007,9
2026-07-25,1008,16
2026-07-25,1010,0
2026-07-25,1100,28
2026-07-25,1101,48
2026-07-25,1102,55
2026-07-25,1162,48
2026-07-25,1163,11
2026-07-25,1164,16
2026-07-25,1165,90
2026-07-25,1166,25
2026-07-25,1167,59
2026-07-25,1168,7
2026-07-25,1169,63
2026-07-25,1170,25
2026-07-25,1171,29
2026-07-27,1001,8
2026-07-27,1002,3
2026-07-27,1003,8
2026-07-27,1004,12
2026-07-27,1005,6
2026-07-27,1006,0
2026-07-27,1007,7
2026-07-27,1008,14
2026-07-27,1010,0
2026-07-27,1100,33
2026-07-27,1101,42
2026-07-27,1102,64
2026-07-27,1103,47
2026-07-27,1104,94
2026-07-27,1115,72
2026-07-27,1116,0
2026-07-27,1117,11
2026-07-27,1118,4
2026-07-27,1119,19
2026-07-27,1120,62
2026-07-27,1121,60
2026-07-27,1122,62
2026-07-27,1124,104
2026-07-27,1162,41
2026-07-27,1163,22
2026-07-27,1164,8
2026-07-27,1165,82
2026-07-27,1166,33
2026-07-27,1167,67
2026-07-27,1168,9
2026-07-27,1169,79
2026-07-27,1170,24
2026-07-27,1171,22
2026-07-02,1100,37
2026-07-02,1101,60
2026-07-02,1102,71
2026-07-02,1103,79
2026-07-02,1104,104
2026-07-02,1105,20
2026-07-02,1106,19
2026-07-02,1107,20
2026-07-02,1108,37
2026-07-02,1130,73
2026-07-02,1131,53
2026-07-02,1132,25
2026-07-02,1133,57
2026-07-02,1134,71
2026-07-02,1135,44
2026-07-02,1136,50
2026-07-02,1137,108
2026-07-02,1139,19
2026-07-02,1166,34
2026-07-02,1167,84
2026-07-02,1168,21
2026-07-02,1169,90
2026-07-02,1170,38
2026-07-02,1171,43
2026-07-06,1001,5
2026-07-06,1002,2
2026-07-06,1003,5
2026-07-06,1004,6
2026-07-06,1005,5
2026-07-06,1006,0
2026-07-06,1007,4
2026-07-06,1008,15
2026-07-06,1010,0
2026-07-06,1100,39
2026-07-06,1101,53
2026-07-06,1102,68
2026-07-06,1103,92
2026-07-06,1104,90
2026-07-06,1105,27
2026-07-06,1106,16
2026-07-06,1107,23
2026-07-06,1130,57
2026-07-06,1131,56
2026-07-06,1132,24
2026-07-06,1133,44
2026-07-06,1134,68
2026-07-06,1135,37
2026-07-06,1136,41
2026-07-06,1137,99
2026-07-06,1139,22
2026-07-06,1166,32
2026-07-06,1167,76
2026-07-06,1168,6
2026-07-06,1169,81
2026-07-06,1170,32
2026-07-06,1171,30
2026-07-31,1001,4
2026-07-31,1002,2
2026-07-31,1003,4
2026-07-31,1004,8
2026-07-31,1005,5
2026-07-31,1006,0
2026-07-31,1007,3
2026-07-31,1008,20
2026-07-31,1010,0
2026-07-31,1100,34
2026-07-31,1101,37
2026-07-31,1102,30
2026-07-31,1103,86
2026-07-31,1104,84
