sku_id,ean_id,ean_quantity_per_sku
1001,2001,1.0
1002,2002,2.0
1002,2003,1.0
1003,2001,1.0
1004,2004,1.0
1005,2005,1.0
1006,2006,
1007,2007,1.0
1008,2008,1.0
1010,2099,0.0
1100,3000,2.0
1100,3001,1.0
1101,3002,1.0
1102,3003,1.0
1103,3004,1.0
1104,3005,1.0
1105,3006,1.0
1106,3007,1.0
1107,3008,1.0
1107,3009,1.0
1108,3010,1.0
1109,3011,1.0
1110,3012,1.0
1111,3013,1.0
1112,3014,1.0
1113,3015,1.0
1114,3016,2.0
1114,3017,1.0
1115,3018,1.0
1116,3019,1.0
1117,3020,1.0
1118,3021,1.0
1119,3022,1.0
1120,3023,1.0
1121,3024,1.0
1121,3025,1.0
1122,3026,1.0
1123,3027,1.0
1124,3028,1.0
1125,3029,1.0
1126,3030,1.0
1127,3031,1.0
1128,3032,2.0
1128,3033,1.0
1129,3034,1.0
1130,3035,1.0
1131,3036,1.0
1132,3037,1.0
1133,3038,1.0
1134,3039,1.0
1135,3040,1.0
1135,3041,1.0
1136,3042,1.0
1137,3043,1.0
1138,3044,1.0
1139,3045,1.0
1140,3046,1.0
1141,3047,1.0
1142,3048,2.0
1142,3049,1.0
1143,3050,1.0
1144,3051,1.0
1145,3052,1.0
1146,3053,1.0
1147,3054,1.0
1148,3055,1.0
1149,3056,1.0
1149,3057,1.0
1150,3058,1.0
1151,3059,1.0
1152,3060,1.0
1153,3061,1.0
1154,3062,1.0
1155,3063,1.0
1156,3064,2.0
1156,3065,1.0
1157,3066,1.0
1158,3067,1.0
1159,3068,1.0
1160,3069,1.0
1161,3070,1.0
1162,3071,1.0
1163,3072,1.0
1163,3073,1.0
1164,3074,1.0
1165,3075,1.0
1166,3076,1.0
1167,3077,1.0
1168,3078,1.0
1169,3079,1.0
1170,3080,2.0
1170,3081,1.0
1171,3082,1.0
