date,sku_id,seller_id,avg_units_7d,avg_units_30d,avg_net_revenue_eur_7d,avg_net_revenue_eur_30d
2026-07-03,1107,40,2.02,2.26,22.7,25.4
2026-07-31,1109,20,3.78,4.57,84.37,102.0
2026-07-19,1110,30,,4.93,,97.86
2026-07-13,1113,20,0.0,0.0,0.0,0.0
2026-07-11,1118,30,5.15,5.02,177.16,172.69
2026-07-01,1122,30,6.59,5.4,88.64,72.63
2026-07-15,1142,30,,3.75,,36.83
2026-07-17,1150,30,2.47,2.48,63.21,63.46
2026-07-31,1153,20,7.34,6.63,71.64,64.71
2026-07-03,1159,40,4.47,3.61,74.43,60.11
2026-07-26,1007,10,2.0,2.0,40.0,40.0
2026-07-19,1100,10,2.86,3.29,52.37,60.24
2026-07-24,1100,10,3.17,3.5,58.04,64.08
2026-07-07,1116,10,6.04,5.53,135.24,123.82
2026-07-22,1120,10,0.55,0.63,17.12,19.61
2026-07-15,1130,30,1.81,1.86,59.55,61.19
2026-07-17,1137,20,2.24,2.22,29.52,29.26
2026-07-09,1142,30,,4.43,,43.5
2026-07-02,1143,40,4.87,6.0,166.46,205.08
2026-07-18,1145,20,1.94,1.72,60.1,53.29
2026-07-13,1146,30,4.93,4.06,52.85,43.52
2026-07-23,1149,20,0.0,0.0,0.0,0.0
2026-07-09,1166,30,6.68,5.4,208.08,168.21
2026-07-22,1104,10,2.94,3.56,79.91,96.76
2026-07-16,1109,20,3.86,3.67,86.16,81.91
2026-07-27,1128,10,4.4,3.55,143.79,116.01
2026-07-05,1148,10,6.21,5.61,141.96,128.24
2026-07-20,1150,30,2.23,2.4,57.07,61.42
2026-07-03,1152,10,4.55,5.33,145.51,170.45
2026-07-06,1153,20,7.75,6.62,75.64,64.61
2026-07-25,1159,40,4.11,3.47,68.43,57.78
2026-07-14,1160,10,1.61,1.4,55.63,48.37
2026-07-08,1163,40,3.72,3.87,81.17,84.44
2026-07-23,1165,20,3.12,3.41,48.89,53.43
2026-07-11,1006,10,0.0,0.0,0.0,0.0
2026-07-21,1116,10,5.47,4.44,122.47,99.41
2026-07-19,1121,20,4.29,4.74,140.37,155.09
2026-07-19,1127,40,4.87,5.04,131.1,135.68
2026-07-06,1131,40,2.79,3.46,62.33,77.3
2026-07-13,1143,40,4.35,5.08,148.68,173.63
2026-07-26,1144,10,5.72,5.24,100.56,92.12
2026-07-18,1157,20,2.67,3.04,22.45,25.57
2026-07-16,1160,10,1.32,1.32,45.61,45.61
2026-07-28,1166,30,6.58,5.33,204.97,166.03
2026-07-21,1001,10,4.0,3.0,80.0,60.0
2026-07-25,1106,30,4.56,5.67,52.03,64.69
2026-07-28,1108,10,3.6,3.36,43.45,40.56
2026-07-04,1115,40,5.74,5.67,198.6,196.18
2026-07-11,1115,40,4.87,5.62,168.5,194.45
2026-07-11,1116,10,5.63,5.18,126.06,115.98
2026-07-26,1121,20,4.65,5.53,152.15,180.94
2026-07-28,1130,30,1.89,2.04,62.18,67.12
2026-07-08,1132,10,3.83,3.68,106.78,102.6
2026-07-09,1136,10,0.69,0.77,19.11,21.32
2026-07-13,1142,30,,3.96,,38.89
2026-07-11,1155,40,6.42,5.73,148.3,132.36
2026-07-27,1157,20,3.03,3.72,25.48,31.29
2026-07-02,1001,10,4.0,3.0,80.0,60.0
2026-07-08,1002,10,1.5,1.2,45.0,36.0
2026-07-16,1005,10,,3.0,,75.0
2026-07-26,1107,40,2.11,2.16,23.72,24.28
2026-07-19,1108,10,2.53,2.71,30.54,32.71
2026-07-17,1112,10,1.05,1.21,33.0,38.03
2026-07-17,1131,40,2.54,2.76,56.74,61.66
2026-07-08,1133,20,2.34,1.95,71.3,59.42
2026-07-08,1135,40,3.92,3.28,56.02,46.87
2026-07-05,1137,20,3.03,2.82,39.94,37.17
2026-07-28,1157,20,3.59,3.79,30.19,31.87
2026-07-20,1166,30,4.48,4.37,139.55,136.13
2026-07-07,1003,10,2.0,2.0,20.0,20.0
2026-07-11,1002,10,1.5,1.2,45.0,36.0
2026-07-17,1006,10,0.0,0.0,0.0,0.0
2026-07-22,1007,10,2.0,2.0,40.0,40.0
2026-07-24,1107,40,2.42,2.04,27.2,22.93
2026-07-27,1118,30,6.61,5.59,227.38,192.3
2026-07-11,1134,30,1.59,1.68,32.01,33.82
2026-07-13,1136,10,0.7,0.69,19.38,19.11
2026-07-07,1137,20,2.96,2.79,39.01,36.77
2026-07-02,1142,30,,4.47,,43.9
2026-07-13,1163,40,3.2,3.36,69.82,73.32
2026-07-29,1165,20,4.12,4.02,64.56,62.99
2026-07-17,1168,10,4.29,4.6,37.32,40.02
2026-07-27,1100,10,3.77,3.83,69.03,70.13
2026-07-25,1108,10,3.65,3.18,44.06,38.38
2026-07-24,1113,20,0.0,0.0,0.0,0.0
2026-07-02,1118,30,5.42,5.6,186.45,192.64
2026-07-01,1133,20,1.76,1.97,53.63,60.03
2026-07-31,1143,40,5.68,6.05,194.14,206.79
2026-07-18,1148,10,4.18,4.44,95.55,101.5
2026-07-16,1152,10,5.2,4.32,166.3,138.15
2026-07-08,1153,20,5.79,6.4,56.51,62.46
2026-07-29,1153,20,7.74,6.68,75.54,65.2
2026-07-30,1156,10,4.74,4.62,132.44,129.08
2026-07-12,1165,20,4.47,3.9,70.04,61.11
2026-07-02,1002,10,1.5,1.2,45.0,36.0
2026-07-05,1106,30,5.71,6.34,65.15,72.34
2026-07-27,1125,20,5.32,4.6,53.79,46.51
2026-07-21,1126,30,,2.58,,55.99
2026-07-07,1143,40,7.44,5.96,254.3,203.71
2026-07-03,1158,30,,1.6,,20.99
2026-07-04,1001,20,1.0,1.0,22.0,22.0
2026-07-18,1100,10,2.74,3.33,50.17,60.97
2026-07-29,1130,30,2.45,2.09,80.61,68.76
2026-07-10,1137,20,3.06,2.64,40.33,34.8
2026-07-12,1146,30,3.81,4.18,40.84,44.81
2026-07-22,1148,10,5.95,4.85,136.02,110.87
2026-07-15,1150,30,2.24,2.62,57.32,67.05
2026-07-23,1150,30,2.4,2.5,61.42,63.98
2026-07-03,1156,10,3.85,4.49,107.57,125.45
2026-07-12,1159,40,3.59,3.0,59.77,49.95
2026-07-07,1002,10,1.5,1.2,45.0,36.0
2026-07-09,1002,10,1.5,1.2,45.0,36.0
2026-07-14,1003,10,2.0,2.0,20.0,20.0
2026-07-17,1100,10,4.16,3.39,76.17,62.07
2026-07-11,1111,40,3.6,4.34,100.91,121.65
2026-07-17,1128,10,2.97,2.84,97.06,92.81
2026-07-13,1135,40,2.42,2.98,34.58,42.58
2026-07-09,1148,10,6.08,5.25,138.99,120.02
2026-07-06,1159,40,3.07,3.52,51.12,58.61
2026-07-18,1159,40,2.82,2.89,46.95,48.12
2026-07-12,1106,30,6.31,5.79,72.0,66.06
2026-07-26,1114,30,2.2,2.57,28.14,32.87
2026-07-31,1117,20,2.6,2.65,79.27,80.8
2026-07-17,1122,30,4.28,4.51,57.57,60.66
2026-07-25,1122,30,4.73,5.24,63.62,70.48
2026-07-02,1130,30,1.65,2.0,54.28,65.8
2026-07-03,1134,30,1.72,1.96,34.62,39.45
2026-07-14,1140,10,0.7,0.66,10.33,9.74
2026-07-30,1149,20,0.0,0.0,0.0,0.0
2026-07-06,1163,40,3.71,4.0,80.95,87.28
2026-07-21,1164,10,1.05,0.91,32.34,28.03
2026-07-15,1007,10,2.0,2.0,40.0,40.0
2026-07-05,1113,20,0.0,0.0,0.0,0.0
2026-07-31,1115,40,5.59,5.83,193.41,201.72
2026-07-13,1129,20,3.67,3.32,67.23,60.82
2026-07-14,1132,10,2.83,3.14,78.9,87.54
2026-07-14,1134,30,1.28,1.56,25.77,31.4
2026-07-20,1147,40,2.8,3.26,77.11,89.78
2026-07-22,1151,40,4.09,3.71,97.71,88.63
2026-07-18,1152,10,3.49,4.26,111.61,136.23
2026-07-25,1161,20,1.37,1.46,42.63,45.44
2026-07-22,1166,30,5.22,4.52,162.6,140.8
2026-07-28,1167,40,6.05,5.5,119.85,108.95
2026-07-05,1168,10,7.31,5.85,63.6,50.89
2026-07-08,1168,10,4.84,5.61,42.11,48.81
2026-07-02,1001,20,1.0,1.0,22.0,22.0
2026-07-27,1104,10,4.58,3.97,124.48,107.9
2026-07-18,1107,40,2.21,1.8,24.84,20.23
2026-07-19,1113,20,0.0,0.0,0.0,0.0
2026-07-10,1114,30,2.81,2.31,35.94,29.54
2026-07-28,1122,30,6.33,5.61,85.14,75.45
2026-07-19,1133,20,1.42,1.63,43.27,49.67
2026-07-16,1142,30,,3.69,,36.24
2026-07-01,1156,10,4.29,4.27,119.86,119.3
2026-07-28,1163,40,3.63,4.02,79.21,87.72
2026-07-18,1170,30,4.67,3.95,86.25,72.96
2026-07-26,1170,30,3.62,4.4,66.86,81.27
2026-07-15,1001,20,1.0,1.0,22.0,22.0
2026-07-23,1003,10,2.0,2.0,20.0,20.0
2026-07-14,1113,20,0.0,0.0,0.0,0.0
2026-07-20,1120,10,0.66,0.62,20.55,19.3
2026-07-26,1141,20,1.98,1.65,35.86,29.88
2026-07-06,1148,10,5.5,5.57,125.73,127.33
2026-07-04,1158,30,,1.61,,21.12
2026-07-08,1158,30,,1.54,,20.2
2026-07-26,1158,30,,1.55,,20.34
2026-07-27,1160,10,1.77,1.46,61.15,50.44
2026-07-10,1162,30,1.12,0.96,25.87,22.18
2026-07-11,1168,10,5.87,5.16,51.07,44.89
2026-07-13,1003,10,2.0,2.0,20.0,20.0
2026-07-04,1112,10,1.27,1.53,39.92,48.09
2026-07-21,1112,10,1.03,1.25,32.37,39.29
2026-07-08,1113,20,0.0,0.0,0.0,0.0
2026-07-02,1119,40,5.11,5.94,112.68,130.98
2026-07-14,1131,40,2.76,2.96,61.66,66.13
2026-07-24,1143,40,6.14,5.59,209.87,191.07
2026-07-11,1150,30,3.12,2.93,79.84,74.98
2026-07-18,1156,10,2.94,3.66,82.14,102.26
2026-07-24,1170,30,4.57,4.15,84.41,76.65
2026-07-14,1005,10,,3.0,,75.0
2026-07-30,1104,10,3.31,3.97,89.97,107.9
2026-07-17,1107,40,2.05,1.81,23.04,20.34
2026-07-21,1139,40,4.54,5.48,106.15,128.12
2026-07-22,1142,30,,3.88,,38.1
2026-07-08,1147,40,3.62,3.97,99.69,109.33
2026-07-31,1160,10,1.41,1.58,48.72,54.59
2026-07-08,1165,20,3.43,4.17,53.75,65.34
2026-07-24,1168,10,5.55,5.37,48.28,46.72
2026-07-15,1170,30,3.66,4.23,67.6,78.13
2026-07-22,1107,40,2.04,1.92,22.93,21.58
2026-07-15,1114,30,1.97,2.07,25.2,26.48
2026-07-30,1120,10,0.89,0.77,27.71,23.97
2026-07-19,1129,20,3.12,3.34,57.16,61.19
2026-07-08,1139,40,5.61,5.93,131.16,138.64
2026-07-12,1139,40,6.13,5.28,143.32,123.45
2026-07-19,1140,10,0.58,0.59,8.56,8.71
2026-07-22,1140,10,0.73,0.6,10.77,8.86
2026-07-25,1144,10,5.16,5.15,90.71,90.54
2026-07-20,1146,30,3.74,3.64,40.09,39.02
2026-07-18,1162,30,0.91,0.81,21.02,18.71
2026-07-07,1171,40,1.9,1.8,57.8,54.76
2026-07-13,1103,40,0.59,0.63,19.53,20.85
2026-07-26,1128,10,2.79,3.48,91.18,113.73
2026-07-31,1132,10,4.37,3.77,121.84,105.11
2026-07-09,1143,40,5.66,5.7,193.46,194.83
2026-07-31,1144,10,4.23,5.23,74.36,91.94
2026-07-03,1148,10,6.16,5.59,140.82,127.79
2026-07-25,1157,20,3.69,3.54,31.03,29.77
2026-07-21,1114,30,2.73,2.26,34.92,28.91
2026-07-18,1118,30,3.76,4.5,129.34,154.8
2026-07-21,1129,20,3.25,3.53,59.54,64.67
2026-07-18,1130,30,1.51,1.73,49.68,56.92
2026-07-27,1149,20,0.0,0.0,0.0,0.0
2026-07-24,1154,30,2.1,2.51,21.69,25.93
2026-07-25,1162,30,0.92,0.94,21.25,21.71
2026-07-21,1163,40,3.91,3.39,85.32,73.97
2026-07-20,1004,20,2.0,2.0,50.0,50.0
2026-07-25,1006,10,0.0,0.0,0.0,0.0
2026-07-02,1105,20,4.89,4.15,109.88,93.25
2026-07-26,1115,40,4.78,5.22,165.39,180.61
2026-07-17,1124,10,1.6,1.54,43.84,42.2
2026-07-02,1129,20,4.71,4.07,86.29,74.56
2026-07-03,1131,40,3.01,3.34,67.24,74.62
2026-07-18,1135,40,2.44,2.62,34.87,37.44
2026-07-05,1139,40,5.08,6.29,118.77,147.06
2026-07-17,1142,30,,3.65,,35.84
2026-07-10,1151,40,4.26,4.34,101.77,103.68
2026-07-07,1153,20,5.34,6.53,52.12,63.73
2026-07-19,1153,20,5.56,5.35,54.27,52.22
2026-07-26,1162,30,0.99,0.97,22.87,22.41
2026-07-20,1171,40,1.56,1.42,47.46,43.2
2026-07-07,1104,10,3.4,3.83,92.41,104.1
2026-07-27,1114,30,2.88,2.6,36.84,33.25
2026-07-26,1119,40,6.27,5.86,138.25,129.21
2026-07-30,1139,40,6.8,6.3,158.98,147.29
2026-07-25,1145,20,1.6,1.87,49.57,57.93
2026-07-02,1149,20,0.0,0.0,0.0,0.0
2026-07-28,1151,40,5.32,4.37,127.09,104.4
2026-07-26,1154,30,2.61,2.62,26.96,27.06
2026-07-01,1158,30,,1.56,,20.47
2026-07-17,1171,40,1.66,1.44,50.5,43.8
2026-07-16,1100,10,3.69,3.47,67.56,63.54
2026-07-09,1119,40,6.52,5.42,143.77,119.51
2026-07-18,1122,30,5.51,4.5,74.11,60.52
2026-07-08,1126,30,,3.19,,69.22
2026-07-24,1129,20,4.12,3.85,75.48,70.53
2026-07-22,1137,20,2.85,2.37,37.56,31.24
2026-07-01,1138,30,6.31,6.42,162.17,164.99
2026-07-23,1139,40,4.78,5.82,111.76,136.07
2026-07-20,1141,20,1.68,1.42,30.42,25.72
2026-07-18,1144,10,4.05,4.28,71.2,75.24
2026-07-21,1145,20,1.84,1.71,57.0,52.98
2026-07-24,1150,30,3.02,2.56,77.28,65.51
2026-07-03,1162,30,1.23,1.01,28.41,23.33
2026-07-04,1006,10,0.0,0.0,0.0,0.0
2026-07-10,1101,20,5.77,6.36,89.72,98.9
2026-07-23,1103,40,0.84,0.68,27.8,22.51
2026-07-10,1104,10,4.35,3.52,118.23,95.67
2026-07-27,1107,40,2.17,2.21,24.39,24.84
2026-07-09,1115,40,5.44,5.81,188.22,201.03
2026-07-06,1135,40,3.68,3.26,52.59,46.59
2026-07-09,1147,40,4.3,3.89,118.42,107.13
2026-07-12,1155,40,5.02,5.6,115.96,129.36
2026-07-30,1155,40,5.05,5.88,116.66,135.83
2026-07-09,1162,30,1.05,0.99,24.26,22.87
2026-07-23,1001,10,4.0,3.0,80.0,60.0
2026-07-18,1101,20,5.01,5.23,77.91,81.33
2026-07-18,1106,30,4.47,5.02,51.0,57.28
2026-07-11,1110,30,,5.98,,118.7
2026-07-26,1116,10,4.77,5.08,106.8,113.74
2026-07-23,1123,40,6.21,5.67,178.54,163.01
2026-07-30,1124,10,2.33,1.93,63.84,52.88
2026-07-10,1129,20,2.96,3.6,54.23,65.95
2026-07-18,1132,10,3.65,2.97,101.76,82.8
2026-07-11,1139,40,6.72,5.43,157.11,126.95
2026-07-15,1144,10,3.72,4.21,65.4,74.01
2026-07-20,1144,10,4.68,4.48,82.27,78.76
2026-07-06,1146,30,3.89,4.6,41.7,49.31
2026-07-10,1157,20,3.85,3.61,32.38,30.36
2026-07-01,1001,10,4.0,3.0,80.0,60.0
2026-07-19,1003,10,2.0,2.0,20.0,20.0
2026-07-27,1004,20,2.0,2.0,50.0,50.0
2026-07-09,1110,30,,6.19,,122.87
2026-07-08,1117,20,2.75,2.59,83.85,78.97
2026-07-27,1127,40,7.11,6.15,191.4,165.56
2026-07-12,1131,40,3.88,3.14,86.68,70.15
2026-07-26,1134,30,1.76,1.92,35.43,38.65
2026-07-08,1138,30,6.34,6.36,162.94,163.45
2026-07-07,1165,20,3.48,4.18,54.53,65.5
2026-07-22,1005,10,,3.0,,75.0
2026-07-19,1105,20,3.62,3.56,81.34,79.99
2026-07-17,1114,30,2.28,2.07,29.16,26.48
2026-07-12,1120,10,0.61,0.73,18.99,22.72
2026-07-26,1125,20,3.84,4.46,38.82,45.09
2026-07-15,1129,20,2.9,3.22,53.13,58.99
2026-07-12,1134,30,1.73,1.63,34.82,32.81
2026-07-06,1136,10,0.76,0.78,21.04,21.6
2026-07-22,1145,20,1.93,1.73,59.79,53.6
2026-07-17,1151,40,3.48,3.62,83.14,86.48
2026-07-11,1167,40,5.71,5.09,113.12,100.83
2026-07-18,1007,10,2.0,2.0,40.0,40.0
2026-07-10,1103,40,0.59,0.69,19.53,22.84
2026-07-13,1105,20,3.38,4.1,75.95,92.13
2026-07-09,1108,10,3.59,3.16,43.33,38.14
2026-07-29,1117,20,3.19,2.64,97.26,80.49
2026-07-10,1122,30,4.92,5.34,66.17,71.82
2026-07-28,1131,40,3.07,3.33,68.58,74.39
2026-07-13,1137,20,2.07,2.41,27.28,31.76
2026-07-13,1147,40,3.72,3.48,102.45,95.84
2026-07-09,1153,20,7.58,6.24,73.98,60.9
2026-07-28,1158,30,,1.6,,20.99
2026-07-26,1166,30,4.88,5.07,152.01,157.93
2026-07-07,1170,30,4.61,4.95,85.15,91.43
2026-07-19,1103,40,0.68,0.61,22.51,20.19
2026-07-16,1124,10,1.32,1.53,36.17,41.92
2026-07-11,1126,30,,3.01,,65.32
2026-07-20,1133,20,1.63,1.67,49.67,50.88
2026-07-24,1134,30,1.99,1.84,40.06,37.04
2026-07-24,1136,10,0.69,0.68,19.11,18.83
2026-07-31,1145,20,2.36,2.15,73.11,66.61
2026-07-27,1150,30,3.02,2.8,77.28,71.65
2026-07-20,1165,20,3.03,3.28,47.48,51.4
2026-07-05,1171,40,1.58,1.79,48.06,54.45
2026-07-03,1005,10,,3.0,,75.0
2026-07-09,1001,10,4.0,3.0,80.0,60.0
2026-07-08,1110,30,,6.24,,123.86
2026-07-06,1119,40,6.16,5.83,135.83,128.55
2026-07-20,1119,40,5.98,5.0,131.86,110.25
2026-07-06,1124,10,2.31,1.9,63.29,52.06
2026-07-25,1125,20,3.73,4.33,37.71,43.78
2026-07-01,1128,10,3.23,3.49,105.56,114.05
2026-07-09,1135,40,3.52,3.25,50.3,46.44
2026-07-30,1137,20,2.72,2.82,35.85,37.17
2026-07-08,1148,10,4.79,5.38,109.5,122.99
2026-07-28,1165,20,4.23,3.93,66.28,61.58
2026-07-03,1169,20,0.63,0.73,20.02,23.19
2026-07-11,1005,10,,3.0,,75.0
2026-07-11,1007,10,2.0,2.0,40.0,40.0
2026-07-19,1001,10,4.0,3.0,80.0,60.0
2026-07-20,1007,10,2.0,2.0,40.0,40.0
2026-07-22,1006,10,0.0,0.0,0.0,0.0
2026-07-02,1101,20,6.79,6.27,105.58,97.5
2026-07-19,1106,30,4.43,5.01,50.55,57.16
2026-07-02,1140,10,0.67,0.69,9.89,10.18
2026-07-30,1143,40,5.52,6.1,188.67,208.5
2026-07-12,1144,10,4.56,4.44,80.16,78.06
2026-07-21,1149,20,0.0,0.0,0.0,0.0
2026-07-24,1149,20,0.0,0.0,0.0,0.0
2026-07-09,1152,10,6.48,5.19,207.23,165.98
2026-07-23,1152,10,4.89,4.68,156.38,149.67
2026-07-20,1155,40,5.04,4.71,116.42,108.8
2026-07-20,1168,10,5.93,4.79,51.59,41.67
2026-07-30,1170,30,5.98,4.86,110.45,89.76
2026-07-06,1007,10,2.0,2.0,40.0,40.0
2026-07-13,1004,20,2.0,2.0,50.0,50.0
2026-07-29,1004,20,2.0,2.0,50.0,50.0
2026-07-30,1001,10,4.0,3.0,80.0,60.0
2026-07-05,1100,10,4.11,4.11,75.25,75.25
2026-07-24,1106,30,5.36,5.5,61.16,62.76
2026-07-12,1115,40,5.54,5.48,191.68,189.61
2026-07-15,1127,40,6.35,5.18,170.94,139.45
2026-07-06,1134,30,2.28,1.91,45.9,38.45
2026-07-23,1136,10,0.71,0.66,19.66,18.28
2026-07-17,1145,20,1.92,1.75,59.48,54.22
2026-07-01,1163,40,4.83,3.91,105.39,85.32
2026-07-03,1163,40,5.0,4.02,109.1,87.72
2026-07-24,1163,40,3.0,3.7,65.46,80.73
2026-07-09,1167,40,5.63,5.37,111.53,106.38
2026-07-22,1168,10,6.11,5.05,53.16,43.93
2026-07-21,1169,20,0.53,0.63,16.84,20.02
2026-07-03,1003,10,2.0,2.0,20.0,20.0
2026-07-10,1007,10,2.0,2.0,40.0,40.0
2026-07-17,1001,10,4.0,3.0,80.0,60.0
2026-07-20,1006,10,0.0,0.0,0.0,0.0
2026-07-07,1106,30,6.18,6.36,70.51,72.57
2026-07-28,1107,40,2.71,2.25,30.46,25.29
2026-07-29,1107,40,1.91,2.28,21.47,25.63
2026-07-01,1109,20,4.43,4.59,98.88,102.45
2026-07-20,1113,20,0.0,0.0,0.0,0.0
2026-07-16,1118,30,3.88,4.49,133.47,154.46
2026-07-06,1127,40,7.12,6.37,191.67,171.48
2026-07-05,1133,20,2.39,2.03,72.82,61.85
2026-07-23,1133,20,1.78,1.81,54.24,55.15
2026-07-28,1144,10,4.64,5.34,81.57,93.88
2026-07-30,1145,20,2.64,2.12,81.79,65.68
2026-07-29,1149,20,0.0,0.0,0.0,0.0
2026-07-26,1150,30,2.72,2.72,69.6,69.6
2026-07-18,1167,40,4.79,4.41,94.89,87.36
2026-07-20,1003,10,2.0,2.0,20.0,20.0
2026-07-05,1103,40,0.81,0.76,26.81,25.16
2026-07-22,1113,20,0.0,0.0,0.0,0.0
2026-07-05,1120,10,0.7,0.77,21.79,23.97
2026-07-30,1129,20,4.18,4.05,76.58,74.2
2026-07-20,1130,30,2.08,1.71,68.43,56.26
2026-07-19,1142,30,,3.65,,35.84
2026-07-28,1145,20,2.31,2.03,71.56,62.89
2026-07-10,1147,40,4.38,3.8,120.63,104.65
2026-07-19,1150,30,2.63,2.41,67.3,61.67
2026-07-04,1154,30,3.26,2.66,33.68,27.48
2026-07-12,1157,20,2.91,3.41,24.47,28.68
2026-07-21,1157,20,2.59,3.16,21.78,26.58
2026-07-28,1159,40,4.25,3.6,70.76,59.94
2026-07-23,1163,40,3.65,3.6,79.64,78.55
2026-07-27,1001,10,4.0,3.0,80.0,60.0
2026-07-30,1112,10,1.37,1.53,43.06,48.09
2026-07-11,1113,20,0.0,0.0,0.0,0.0
2026-07-11,1114,30,2.74,2.24,35.04,28.65
2026-07-29,1114,30,2.78,2.62,35.56,33.51
2026-07-24,1124,10,2.28,1.83,62.47,50.14
2026-07-29,1133,20,1.99,2.04,60.64,62.16
2026-07-28,1135,40,3.55,3.09,50.73,44.16
2026-07-09,1146,30,4.5,4.49,48.24,48.13
2026-07-01,1160,10,1.32,1.42,45.61,49.06
2026-07-01,1166,30,6.14,5.09,191.26,158.55
2026-07-26,1171,40,1.55,1.65,47.15,50.19
2026-07-18,1001,20,1.0,1.0,22.0,22.0
2026-07-29,1100,10,4.22,4.02,77.27,73.61
2026-07-14,1108,10,2.66,2.75,32.11,33.19
2026-07-27,1116,10,5.4,5.22,120.91,116.88
2026-07-17,1129,20,3.65,3.23,66.87,59.17
2026-07-16,1134,30,1.25,1.54,25.16,31.0
2026-07-31,1137,20,2.77,2.82,36.51,37.17
2026-07-11,1142,30,,4.2,,41.24
2026-07-27,1145,20,1.79,1.98,55.45,61.34
2026-07-10,1169,20,0.77,0.64,24.46,20.33
2026-07-01,1171,40,1.43,1.66,43.5,50.5
2026-07-08,1005,10,,3.0,,75.0
2026-07-12,1005,10,,3.0,,75.0
2026-07-16,1105,20,3.22,3.75,72.35,84.26
2026-07-23,1110,30,,5.11,,101.43
2026-07-25,1110,30,,5.39,,106.99
2026-07-07,1135,40,3.51,3.28,50.16,46.87
2026-07-20,1140,10,0.65,0.59,9.59,8.71
2026-07-21,1155,40,5.82,4.73,134.44,109.26
2026-07-19,1164,10,0.78,0.86,24.02,26.49
2026-07-20,1167,40,4.21,4.49,83.4,88.95
2026-07-01,1003,10,2.0,2.0,20.0,20.0
2026-07-21,1003,10,2.0,2.0,20.0,20.0
2026-07-12,1111,40,4.26,4.22,119.41,118.29
2026-07-23,1119,40,5.49,5.47,121.05,120.61
2026-07-29,1125,20,4.4,4.83,44.48,48.83
2026-07-09,1144,10,4.69,4.85,82.45,85.26
2026-07-25,1165,20,3.97,3.6,62.21,56.41
2026-07-26,1168,10,6.93,5.64,60.29,49.07
2026-07-27,1169,20,0.87,0.72,27.64,22.87
2026-07-12,1004,20,2.0,2.0,50.0,50.0
2026-07-15,1003,10,2.0,2.0,20.0,20.0
2026-07-05,1107,40,2.72,2.3,30.57,25.85
2026-07-30,1121,20,4.95,6.0,161.96,196.32
2026-07-04,1128,10,3.22,3.62,105.23,118.3
2026-07-15,1133,20,1.55,1.62,47.23,49.36
2026-07-26,1136,10,0.62,0.72,17.17,19.94
2026-07-05,1147,40,4.12,4.06,113.46,111.81
2026-07-16,1151,40,3.37,3.68,80.51,87.92
2026-07-07,1152,10,4.72,5.37,150.95,171.73
2026-07-13,1152,10,5.64,4.64,180.37,148.39
2026-07-28,1169,20,0.62,0.73,19.7,23.19
2026-07-20,1002,10,1.5,1.2,45.0,36.0
2026-07-15,1113,20,0.0,0.0,0.0,0.0
2026-07-31,1114,30,2.92,2.56,37.35,32.74
2026-07-25,1115,40,4.9,5.06,169.54,175.08
2026-07-13,1117,20,2.13,2.27,64.94,69.21
2026-07-13,1128,10,3.55,3.01,116.01,98.37
2026-07-01,1136,10,0.78,0.72,21.6,19.94
2026-07-20,1145,20,2.01,1.7,62.27,52.67
2026-07-18,1155,40,5.12,4.78,118.27,110.42
2026-07-01,1157,20,3.53,3.65,29.69,30.7
2026-07-09,1005,10,,3.0,,75.0
2026-07-18,1002,10,1.5,1.2,45.0,36.0
2026-07-28,1001,20,1.0,1.0,22.0,22.0
2026-07-14,1100,10,3.73,3.68,68.3,67.38
2026-07-15,1100,10,4.28,3.57,78.37,65.37
2026-07-30,1108,10,3.1,3.38,37.42,40.8
2026-07-14,1112,10,1.51,1.28,47.46,40.23
2026-07-05,1114,30,3.21,2.6,41.06,33.25
2026-07-25,1120,10,0.62,0.68,19.3,21.17
2026-07-28,1124,10,1.57,1.95,43.02,53.43
2026-07-25,1135,40,2.45,2.83,35.01,40.44
2026-07-29,1142,30,,4.59,,45.07
2026-07-19,1160,10,1.42,1.25,49.06,43.19
2026-07-15,1001,10,4.0,3.0,80.0,60.0
2026-07-15,1006,10,0.0,0.0,0.0,0.0
2026-07-16,1004,20,2.0,2.0,50.0,50.0
2026-07-04,1102,30,2.95,3.03,31.12,31.97
2026-07-30,1105,20,4.44,4.43,99.77,99.54
2026-07-16,1110,30,,5.2,,103.22
2026-07-17,1111,40,3.04,3.7,85.21,103.71
2026-07-09,1117,20,2.85,2.54,86.9,77.44
2026-07-15,1117,20,2.02,2.15,61.59,65.55
2026-07-29,1122,30,6.08,5.69,81.78,76.53
2026-07-11,1123,40,5.91,5.62,169.91,161.58
2026-07-09,1124,10,1.52,1.77,41.65,48.5
2026-07-07,1126,30,,3.22,,69.87
2026-07-17,1127,40,5.57,5.03,149.94,135.41
2026-07-28,1127,40,5.78,6.26,155.6,168.52
2026-07-11,1128,10,3.9,3.19,127.45,104.25
2026-07-03,1135,40,2.82,3.1,40.3,44.3
2026-07-22,1150,30,2.18,2.45,55.79,62.7
2026-07-25,1151,40,3.66,4.03,87.44,96.28
2026-07-24,1158,30,,1.48,,19.42
2026-07-19,1159,40,3.01,2.95,50.12,49.12
2026-07-04,1005,10,,3.0,,75.0
2026-07-06,1004,20,2.0,2.0,50.0,50.0
2026-07-10,1004,20,2.0,2.0,50.0,50.0
2026-07-18,1005,10,,3.0,,75.0
2026-07-19,1005,10,,3.0,,75.0
2026-07-31,1005,10,,3.0,,75.0
2026-07-18,1112,10,1.16,1.21,36.46,38.03
2026-07-26,1112,10,1.76,1.44,55.32,45.26
2026-07-08,1114,30,2.33,2.45,29.8,31.34
2026-07-18,1115,40,4.07,4.68,140.82,161.93
2026-07-30,1119,40,5.21,5.92,114.88,130.54
2026-07-15,1141,20,1.2,1.5,21.73,27.16
2026-07-27,1156,10,4.96,4.37,138.58,122.1
2026-07-18,1161,20,1.54,1.3,47.92,40.46
2026-07-28,1162,30,1.23,1.01,28.41,23.33
2026-07-27,1164,10,1.06,1.05,32.65,32.34
2026-07-18,1166,30,4.6,4.36,143.29,135.81
2026-07-09,1169,20,0.74,0.66,23.51,20.97
2026-07-24,1101,20,5.82,5.73,90.5,89.1
2026-07-14,1114,30,1.78,2.09,22.77,26.73
2026-07-18,1120,10,0.53,0.62,16.5,19.3
2026-07-13,1123,40,5.88,5.3,169.05,152.38
2026-07-05,1127,40,5.2,6.38,139.98,171.75
2026-07-11,1127,40,6.07,5.8,163.4,156.14
2026-07-31,1128,10,4.34,3.59,141.83,117.32
2026-07-24,1130,30,2.24,1.82,73.7,59.88
2026-07-28,1133,20,2.32,2.02,70.69,61.55
2026-07-03,1137,20,3.32,2.77,43.76,36.51
2026-07-18,1139,40,5.15,5.09,120.41,119.0
2026-07-24,1139,40,6.18,5.98,144.49,139.81
2026-07-17,1144,10,3.67,4.22,64.52,74.19
2026-07-23,1144,10,5.12,4.89,90.01,85.97
2026-07-25,1150,30,2.46,2.64,62.95,67.56
2026-07-01,1153,20,7.26,6.46,70.86,63.05
2026-07-29,1155,40,6.87,5.77,158.7,133.29
2026-07-19,1157,20,2.47,3.05,20.77,25.65
2026-07-17,1159,40,2.56,2.85,42.62,47.45
2026-07-07,1163,40,4.0,3.95,87.28,86.19
2026-07-09,1164,10,0.77,0.96,23.72,29.57
2026-07-18,1165,20,3.35,3.33,52.49,52.18
2026-07-04,1167,40,6.02,5.58,119.26,110.54
2026-07-04,1168,10,5.48,5.86,47.68,50.98
2026-07-04,1004,20,2.0,2.0,50.0,50.0
2026-07-31,1001,20,1.0,1.0,22.0,22.0
2026-07-23,1108,10,3.39,3.01,40.92,36.33
2026-07-30,1109,20,5.31,4.63,118.52,103.34
2026-07-17,1113,20,0.0,0.0,0.0,0.0
2026-07-08,1124,10,2.23,1.82,61.1,49.87
2026-07-09,1130,30,2.52,2.15,82.91,70.73
2026-07-12,1130,30,1.64,2.03,53.96,66.79
2026-07-04,1131,40,3.03,3.4,67.69,75.96
2026-07-31,1147,40,3.87,4.06,106.58,111.81
2026-07-23,1151,40,4.09,3.8,97.71,90.78
2026-07-10,1152,10,6.2,5.06,198.28,161.82
2026-07-05,1154,30,2.47,2.64,25.52,27.27
2026-07-01,1162,30,1.17,0.97,27.03,22.41
2026-07-02,1163,40,3.97,3.97,86.63,86.63
2026-07-16,1164,10,0.72,0.83,22.18,25.56
2026-07-07,1001,10,4.0,3.0,80.0,60.0
2026-07-17,1001,20,1.0,1.0,22.0,22.0
2026-07-13,1101,20,7.07,5.85,109.94,90.97
2026-07-30,1101,20,7.11,6.6,110.56,102.63
2026-07-18,1109,20,3.71,3.74,82.81,83.48
2026-07-08,1115,40,6.4,5.86,221.44,202.76
2026-07-11,1117,20,2.95,2.41,89.95,73.48
2026-07-14,1117,20,2.76,2.21,84.15,67.38
2026-07-21,1120,10,0.5,0.62,15.56,19.3
2026-07-04,1133,20,2.08,2.04,63.38,62.16
2026-07-11,1133,20,1.59,1.8,48.45,54.85
2026-07-29,1140,10,0.62,0.72,9.15,10.63
2026-07-29,1152,10,6.35,5.38,203.07,172.05
2026-07-20,1160,10,1.02,1.25,35.24,43.19
2026-07-04,1100,10,3.45,4.04,63.17,73.97
2026-07-22,1100,10,2.8,3.35,51.27,61.34
2026-07-15,1104,10,3.0,3.15,81.54,85.62
2026-07-22,1109,20,4.35,4.15,97.09,92.63
2026-07-26,1129,20,3.23,4.01,59.17,73.46
2026-07-01,1134,30,2.23,1.93,44.89,38.85
2026-07-28,1136,10,0.88,0.76,24.37,21.04
2026-07-27,1137,20,3.27,2.72,43.1,35.85
2026-07-13,1140,10,0.81,0.68,11.96,10.04
2026-07-29,1143,40,6.99,6.1,238.92,208.5
2026-07-16,1144,10,3.49,4.2,61.35,73.84
2026-07-03,1151,40,3.81,4.38,91.02,104.64
2026-07-09,1159,40,3.15,3.27,52.45,54.45
2026-07-27,1168,10,5.66,5.75,49.24,50.02
2026-07-17,1170,30,4.48,4.02,82.75,74.25
2026-07-11,1003,10,2.0,2.0,20.0,20.0
2026-07-13,1001,20,1.0,1.0,22.0,22.0
2026-07-28,1005,10,,3.0,,75.0
2026-07-10,1118,30,5.83,5.18,200.55,178.19
2026-07-29,1119,40,6.4,5.96,141.12,131.42
2026-07-31,1119,40,4.93,5.84,108.71,128.77
2026-07-29,1120,10,0.85,0.76,26.46,23.66
2026-07-17,1121,20,5.68,4.81,185.85,157.38
2026-07-02,1124,10,1.64,1.94,44.94,53.16
2026-07-13,1126,30,,2.84,,61.63
2026-07-15,1135,40,3.4,2.81,48.59,40.15
2026-07-31,1140,10,0.78,0.75,11.51,11.07
2026-07-03,1144,10,5.74,5.34,100.91,93.88
2026-07-17,1147,40,3.41,3.2,93.91,88.13
2026-07-28,1150,30,2.85,2.88,72.93,73.7
2026-07-11,1151,40,4.94,4.24,118.02,101.29
2026-07-14,1164,10,0.91,0.84,28.03,25.87
2026-07-16,1168,10,4.76,4.62,41.41,40.19
2026-07-14,1103,40,0.66,0.62,21.85,20.52
2026-07-20,1114,30,1.88,2.2,24.05,28.14
2026-07-15,1124,10,1.37,1.54,37.54,42.2
2026-07-18,1129,20,3.06,3.27,56.06,59.91
2026-07-04,1143,40,6.6,6.1,225.59,208.5
2026-07-08,1170,30,4.86,4.94,89.76,91.24
2026-07-03,1006,10,0.0,0.0,0.0,0.0
2026-07-26,1001,10,4.0,3.0,80.0,60.0
2026-07-25,1100,10,4.04,3.6,73.97,65.92
2026-07-29,1109,20,5.76,4.67,128.56,104.23
2026-07-12,1114,30,2.46,2.18,31.46,27.88
2026-07-26,1120,10,0.77,0.7,23.97,21.79
2026-07-31,1135,40,3.03,3.26,43.3,46.59
2026-07-08,1143,40,6.64,5.84,226.96,199.61
2026-07-21,1162,30,0.94,0.84,21.71,19.4
2026-07-21,1166,30,4.04,4.43,125.85,137.99
2026-07-25,1166,30,4.34,4.92,135.19,153.26
2026-07-29,1167,40,6.17,5.57,122.23,110.34
2026-07-10,1001,20,1.0,1.0,22.0,22.0
2026-07-10,1002,10,1.5,1.2,45.0,36.0
2026-07-27,1106,30,7.04,6.0,80.33,68.46
2026-07-12,1108,10,2.69,2.89,32.47,34.88
2026-07-09,1109,20,4.55,4.24,101.56,94.64
2026-07-03,1110,30,,5.9,,117.12
2026-07-23,1112,10,1.52,1.32,47.77,41.49
2026-07-30,1130,30,2.1,2.13,69.09,70.08
2026-07-22,1141,20,1.22,1.47,22.09,26.62
2026-07-17,1143,40,3.85,4.8,131.59,164.06
2026-07-01,1148,10,5.44,5.43,124.36,124.13
2026-07-05,1149,20,0.0,0.0,0.0,0.0
2026-07-08,1156,10,5.2,4.6,145.29,128.52
2026-07-23,1160,10,1.21,1.3,41.81,44.91
2026-07-06,1165,20,3.82,4.15,59.86,65.03
2026-07-06,1170,30,5.09,4.92,94.01,90.87
2026-07-25,1171,40,1.42,1.6,43.2,48.67
2026-07-05,1116,10,6.69,5.51,149.79,123.37
2026-07-23,1126,30,,2.7,,58.59
2026-07-05,1134,30,2.26,1.94,45.49,39.05
2026-07-25,1137,20,2.11,2.59,27.81,34.14
2026-07-18,1138,30,5.08,5.25,130.56,134.92
2026-07-26,1140,10,0.68,0.67,10.04,9.89
2026-07-29,1141,20,1.66,1.77,30.06,32.05
2026-07-21,1142,30,,3.78,,37.12
2026-07-08,1145,20,2.53,2.16,78.38,66.92
2026-07-12,1152,10,3.83,4.78,122.48,152.86
2026-07-10,1154,30,2.16,2.35,22.31,24.28
2026-07-29,1166,30,4.94,5.43,153.88,169.14
2026-07-05,1167,40,5.4,5.61,106.97,111.13
2026-07-02,1169,20,0.68,0.72,21.6,22.87
2026-07-13,1169,20,0.53,0.59,16.84,18.74
2026-07-03,1004,20,2.0,2.0,50.0,50.0
2026-07-31,1007,10,2.0,2.0,40.0,40.0
2026-07-12,1112,10,1.1,1.35,34.57,42.43
2026-07-29,1121,20,5.65,5.92,184.87,193.7
2026-07-09,1126,30,,3.15,,68.35
2026-07-16,1133,20,1.41,1.61,42.96,49.06
2026-07-02,1137,20,2.9,2.73,38.22,35.98
2026-07-05,1153,20,6.28,6.67,61.29,65.1
2026-07-24,1157,20,2.76,3.44,23.21,28.93
2026-07-30,1159,40,2.89,3.58,48.12,59.61
2026-07-03,1103,40,0.67,0.76,22.18,25.16
2026-07-15,1103,40,0.73,0.61,24.16,20.19
2026-07-29,1112,10,1.63,1.52,51.23,47.77
2026-07-04,1121,20,6.44,5.93,210.72,194.03
2026-07-16,1132,10,2.92,3.01,81.41,83.92
2026-07-26,1149,20,0.0,0.0,0.0,0.0
2026-07-02,1150,30,2.42,2.81,61.93,71.91
2026-07-08,1166,30,5.33,5.48,166.03,170.7
2026-07-24,1166,30,4.96,4.77,154.5,148.59
2026-07-06,1169,20,0.86,0.71,27.32,22.56
2026-07-27,1115,40,5.18,5.38,179.23,186.15
2026-07-26,1122,30,6.25,5.39,84.06,72.5
2026-07-05,1131,40,4.0,3.44,89.36,76.85
2026-07-09,1137,20,2.45,2.7,32.29,35.59
2026-07-07,1140,10,0.83,0.75,12.25,11.07
2026-07-03,1141,20,1.41,1.74,25.54,31.51
2026-07-23,1142,30,,3.99,,39.18
2026-07-03,1143,40,5.62,6.07,192.09,207.47
2026-07-27,1146,30,3.7,4.33,39.66,46.42
2026-07-31,1149,20,0.0,0.0,0.0,0.0
2026-07-01,1151,40,4.15,4.17,99.14,99.62
2026-07-12,1151,40,4.88,4.12,116.58,98.43
2026-07-31,1159,40,2.89,3.53,48.12,58.77
2026-07-07,1164,10,1.25,1.01,38.5,31.11
2026-07-14,1171,40,1.4,1.54,42.59,46.85
2026-07-18,1110,30,,4.98,,98.85
2026-07-27,1113,20,0.0,0.0,0.0,0.0
2026-07-27,1119,40,5.27,5.93,116.2,130.76
2026-07-27,1121,20,5.73,5.68,187.49,185.85
2026-07-14,1128,10,2.72,2.94,88.89,96.08
2026-07-05,1136,10,0.76,0.78,21.04,21.6
2026-07-15,1167,40,4.53,4.56,89.74,90.33
2026-07-24,1169,20,0.62,0.69,19.7,21.92
2026-07-07,1005,10,,3.0,,75.0
2026-07-09,1001,20,1.0,1.0,22.0,22.0
2026-07-10,1102,30,2.83,2.84,29.86,29.96
2026-07-22,1105,20,4.25,3.61,95.5,81.12
2026-07-31,1105,20,5.23,4.48,117.52,100.67
2026-07-31,1111,40,4.07,4.65,114.08,130.34
2026-07-22,1128,10,3.42,3.12,111.77,101.96
2026-07-07,1129,20,4.34,3.91,79.51,71.63
2026-07-08,1134,30,2.01,1.83,40.46,36.84
2026-07-15,1149,20,0.0,0.0,0.0,0.0
2026-07-29,1156,10,4.85,4.56,135.51,127.41
2026-07-04,1161,20,1.81,1.62,56.33,50.41
2026-07-13,1168,10,5.07,4.87,44.11,42.37
2026-07-23,1170,30,4.66,4.05,86.07,74.8
2026-07-05,1102,30,3.04,3.05,32.07,32.18
2026-07-18,1116,10,3.74,4.37,83.74,97.84
2026-07-27,1122,30,4.88,5.51,65.64,74.11
2026-07-04,1123,40,6.42,6.37,184.57,183.14
2026-07-22,1149,20,0.0,0.0,0.0,0.0
2026-07-13,1159,40,3.07,2.93,51.12,48.78
2026-07-10,1003,10,2.0,2.0,20.0,20.0
2026-07-14,1129,20,2.82,3.26,51.66,59.72
2026-07-25,1129,20,3.64,3.94,66.68,72.18
2026-07-04,1140,10,0.88,0.72,12.99,10.63
2026-07-04,1148,10,5.57,5.62,127.33,128.47
2026-07-16,1161,20,1.44,1.34,44.81,41.7
2026-07-25,1105,20,4.63,3.89,104.04,87.41
2026-07-20,1106,30,5.66,5.04,64.58,57.51
2026-07-02,1109,20,4.13,4.64,92.18,103.56
2026-07-15,1115,40,4.17,5.02,144.28,173.69
2026-07-12,1118,30,4.65,4.88,159.96,167.87
2026-07-21,1122,30,4.53,4.68,60.93,62.95
2026-07-03,1129,20,4.18,4.09,76.58,74.93
2026-07-20,1129,20,3.74,3.43,68.52,62.84
2026-07-11,1130,30,2.49,2.08,81.92,68.43
2026-07-09,1141,20,2.1,1.76,38.03,31.87
2026-07-12,1145,20,2.21,2.02,68.47,62.58
2026-07-08,1154,30,2.4,2.49,24.79,25.72
2026-07-24,1155,40,4.06,5.02,93.79,115.96
2026-07-28,1160,10,1.3,1.5,44.91,51.82
2026-07-31,1161,20,2.01,1.65,62.55,51.35
2026-07-03,1166,30,6.63,5.34,206.52,166.34
2026-07-13,1170,30,5.25,4.49,96.97,82.93
2026-07-11,1001,10,4.0,3.0,80.0,60.0
2026-07-31,1116,10,5.71,5.54,127.85,124.04
2026-07-30,1117,20,3.09,2.65,94.21,80.8
2026-07-12,1122,30,4.08,5.04,54.88,67.79
2026-07-25,1126,30,,2.87,,62.28
2026-07-14,1130,30,2.11,1.91,69.42,62.84
2026-07-20,1135,40,2.75,2.58,39.3,36.87
2026-07-22,1138,30,5.58,5.73,143.41,147.26
2026-07-07,1139,40,5.52,6.08,129.06,142.15
2026-07-06,1140,10,0.88,0.75,12.99,11.07
2026-07-04,1144,10,5.56,5.33,97.74,93.7
2026-07-13,1145,20,1.65,1.96,51.12,60.72
2026-07-01,1164,10,0.86,1.03,26.49,31.72
2026-07-11,1164,10,0.73,0.9,22.48,27.72
2026-07-26,1167,40,5.49,5.28,108.76,104.6
2026-07-09,1003,10,2.0,2.0,20.0,20.0
2026-07-24,1117,20,2.74,2.36,83.54,71.96
2026-07-06,1118,30,5.09,5.65,175.1,194.36
2026-07-28,1121,20,4.65,5.81,152.15,190.1
2026-07-20,1139,40,6.57,5.32,153.61,124.38
2026-07-10,1145,20,1.76,2.11,54.52,65.37
2026-07-04,1146,30,4.9,4.53,52.53,48.56
2026-07-25,1149,20,0.0,0.0,0.0,0.0
2026-07-13,1154,30,2.1,2.16,21.69,22.31
2026-07-30,1154,30,2.56,2.64,26.44,27.27
2026-07-03,1007,10,2.0,2.0,40.0,40.0
2026-07-25,1109,20,4.55,4.5,101.56,100.44
2026-07-19,1124,10,1.64,1.59,44.94,43.57
2026-07-02,1125,20,4.39,4.61,44.38,46.61
2026-07-30,1138,30,7.78,6.63,199.95,170.39
2026-07-06,1147,40,4.47,4.06,123.1,111.81
2026-07-28,1153,20,6.13,6.64,59.83,64.81
2026-07-24,1161,20,1.38,1.42,42.95,44.19
2026-07-02,1007,10,2.0,2.0,40.0,40.0
2026-07-14,1007,10,2.0,2.0,40.0,40.0
2026-07-26,1003,10,2.0,2.0,20.0,20.0
2026-07-01,1111,40,3.98,4.27,111.56,119.69
2026-07-17,1120,10,0.72,0.64,22.41,19.92
2026-07-06,1123,40,5.36,6.31,154.1,181.41
2026-07-14,1125,20,3.7,4.42,37.41,44.69
2026-07-12,1127,40,4.87,5.63,131.1,151.56
2026-07-13,1127,40,6.64,5.46,178.75,146.98
2026-07-29,1158,30,,1.61,,21.12
2026-07-08,1162,30,0.82,1.01,18.94,23.33
2026-07-12,1170,30,4.12,4.62,76.1,85.33
2026-07-11,1004,20,2.0,2.0,50.0,50.0
2026-07-25,1001,10,4.0,3.0,80.0,60.0
2026-07-26,1102,30,3.58,2.87,37.77,30.28
2026-07-11,1106,30,5.24,5.95,59.79,67.89
2026-07-07,1115,40,6.15,5.87,212.79,203.1
2026-07-24,1126,30,,2.78,,60.33
2026-07-18,1131,40,2.63,2.73,58.75,60.99
2026-07-30,1133,20,2.21,2.04,67.34,62.16
2026-07-18,1134,30,1.31,1.57,26.37,31.6
2026-07-04,1155,40,4.64,5.79,107.18,133.75
2026-07-21,1159,40,3.64,3.11,60.61,51.78
2026-07-13,1164,10,0.91,0.85,28.03,26.18
2026-07-03,1165,20,3.67,3.94,57.51,61.74
2026-07-25,1167,40,4.37,5.14,86.57,101.82
2026-07-23,1169,20,0.61,0.67,19.38,21.29
2026-07-22,1001,20,1.0,1.0,22.0,22.0
2026-07-25,1001,20,1.0,1.0,22.0,22.0
2026-07-26,1006,10,0.0,0.0,0.0,0.0
2026-07-21,1102,30,2.08,2.49,21.94,26.27
2026-07-24,1102,30,2.78,2.71,29.33,28.59
2026-07-26,1104,10,4.87,3.92,132.37,106.55
2026-07-17,1106,30,4.6,5.08,52.49,57.96
2026-07-04,1113,20,0.0,0.0,0.0,0.0
2026-07-31,1120,10,0.74,0.78,23.04,24.28
2026-07-23,1125,20,4.8,4.1,48.53,41.45
2026-07-06,1133,20,2.13,2.02,64.9,61.55
2026-07-18,1137,20,2.41,2.22,31.76,29.26
2026-07-10,1140,10,0.64,0.73,9.45,10.77
2026-07-15,1157,20,2.86,3.14,24.05,26.41
2026-07-10,1159,40,3.25,3.18,54.11,52.95
2026-07-06,1161,20,1.92,1.65,59.75,51.35
2026-07-28,1170,30,5.37,4.66,99.18,86.07
2026-07-01,1106,30,6.24,5.86,71.2,66.86
2026-07-06,1110,30,,6.22,,123.47
2026-07-04,1117,20,2.58,2.64,78.66,80.49
2026-07-01,1120,10,0.63,0.7,19.61,21.79
2026-07-21,1124,10,1.87,1.68,51.24,46.03
2026-07-02,1138,30,5.6,6.53,143.92,167.82
2026-07-27,1140,10,0.58,0.69,8.56,10.18
2026-07-10,1141,20,1.89,1.73,34.23,31.33
2026-07-16,1143,40,4.65,4.81,158.94,164.41
2026-07-15,1163,40,3.36,3.22,73.32,70.26
2026-07-16,1107,40,1.71,1.83,19.22,20.57
2026-07-10,1124,10,1.94,1.72,53.16,47.13
2026-07-10,1128,10,3.85,3.28,125.82,107.19
2026-07-04,1132,10,4.49,3.75,125.18,104.55
2026-07-10,1135,40,2.81,3.2,40.15,45.73
2026-07-08,1141,20,1.55,1.79,28.07,32.42
2026-07-09,1145,20,2.35,2.14,72.8,66.3
2026-07-15,1146,30,3.72,3.83,39.88,41.06
2026-07-02,1151,40,4.17,4.28,99.62,102.25
2026-07-04,1153,20,7.67,6.68,74.86,65.2
2026-07-15,1160,10,1.63,1.36,56.32,46.99
2026-07-28,1161,20,1.32,1.59,41.08,49.48
2026-07-12,1167,40,6.09,4.94,120.64,97.86
2026-07-25,1168,10,6.06,5.51,52.72,47.94
2026-07-25,1169,20,0.81,0.7,25.73,22.24
2026-07-15,1171,40,1.28,1.5,38.94,45.63
2026-07-30,1171,40,1.99,1.79,60.54,54.45
2026-07-06,1005,10,,3.0,,75.0
2026-07-14,1001,10,4.0,3.0,80.0,60.0
2026-07-17,1101,20,6.49,5.29,100.92,82.26
2026-07-23,1109,20,4.98,4.28,111.15,95.53
2026-07-21,1140,10,0.6,0.59,8.86,8.71
2026-07-16,1006,10,0.0,0.0,0.0,0.0
2026-07-24,1006,10,0.0,0.0,0.0,0.0
2026-07-06,1103,40,0.77,0.75,25.49,24.83
2026-07-10,1110,30,,6.1,,121.09
2026-07-25,1112,10,1.41,1.41,44.32,44.32
2026-07-25,1121,20,6.22,5.37,203.52,175.71
2026-07-28,1126,30,,3.11,,67.49
2026-07-20,1128,10,3.33,2.96,108.82,96.73
2026-07-05,1130,30,2.41,2.14,79.29,70.41
2026-07-25,1134,30,1.67,1.89,33.62,38.05
2026-07-02,1144,10,4.68,5.31,82.27,93.35
2026-07-14,1144,10,3.89,4.26,68.39,74.89
2026-07-12,1161,20,1.7,1.49,52.9,46.37
2026-07-24,1164,10,0.99,0.99,30.49,30.49
2026-07-28,1103,40,0.88,0.76,29.13,25.16
2026-07-28,1110,30,,5.88,,116.72
2026-07-17,1117,20,1.92,2.09,58.54,63.72
2026-07-19,1122,30,4.73,4.52,63.62,60.79
2026-07-18,1124,10,1.35,1.56,36.99,42.74
2026-07-10,1146,30,5.18,4.41,55.53,47.28
2026-07-21,1147,40,3.55,3.32,97.77,91.43
2026-07-04,1156,10,5.2,4.57,145.29,127.69
2026-07-07,1158,30,,1.57,,20.6
2026-07-19,1002,10,1.5,1.2,45.0,36.0
2026-07-20,1107,40,1.68,1.84,18.88,20.68
2026-07-26,1109,20,5.26,4.58,117.4,102.23
2026-07-11,1143,40,4.6,5.38,157.23,183.89
2026-07-24,1144,10,6.24,5.03,109.7,88.43
2026-07-31,1150,30,2.56,3.04,65.51,77.79
2026-07-03,1157,20,4.22,3.8,35.49,31.96
2026-07-07,1162,30,1.24,1.02,28.64,23.56
2026-07-11,1162,30,0.84,0.94,19.4,21.71
2026-07-13,1167,40,5.85,4.8,115.89,95.09
2026-07-02,1100,10,3.34,3.84,61.16,70.31
2026-07-02,1103,40,0.72,0.75,23.83,24.83
2026-07-08,1107,40,2.68,2.24,30.12,25.18
2026-07-14,1107,40,1.67,1.91,18.77,21.47
2026-07-28,1120,10,0.68,0.74,21.17,23.04
2026-07-23,1137,20,2.05,2.44,27.02,32.16
2026-07-10,1138,30,6.01,6.03,154.46,154.97
2026-07-07,1151,40,3.74,4.53,89.35,108.22
2026-07-10,1161,20,1.35,1.58,42.01,49.17
2026-07-31,1171,40,2.25,1.8,68.45,54.76
2026-07-25,1004,20,2.0,2.0,50.0,50.0
2026-07-11,1102,30,2.44,2.77,25.74,29.22
2026-07-14,1105,20,4.27,3.98,95.95,89.43
2026-07-27,1110,30,,5.72,,113.54
2026-07-25,1117,20,2.37,2.43,72.26,74.09
2026-07-08,1125,20,5.96,5.01,60.26,50.65
2026-07-09,1125,20,5.66,4.97,57.22,50.25
2026-07-13,1132,10,2.99,3.23,83.36,90.05
2026-07-10,1136,10,0.9,0.75,24.92,20.77
2026-07-06,1143,40,5.7,6.04,194.83,206.45
2026-07-03,1147,40,4.32,4.0,118.97,110.16
2026-07-24,1148,10,5.6,5.15,128.02,117.73
2026-07-27,1166,30,5.24,5.21,163.23,162.29
2026-07-27,1170,30,3.96,4.53,73.14,83.67
2026-07-07,1004,20,2.0,2.0,50.0,50.0
2026-07-31,1006,10,0.0,0.0,0.0,0.0
2026-07-20,1101,20,4.61,5.25,71.69,81.64
2026-07-24,1112,10,1.21,1.36,38.03,42.74
2026-07-20,1116,10,3.81,4.38,85.31,98.07
2026-07-19,1128,10,3.21,2.9,104.9,94.77
2026-07-02,1133,20,2.22,2.0,67.64,60.94
2026-07-04,1134,30,2.24,1.96,45.09,39.45
2026-07-30,1141,20,1.81,1.79,32.78,32.42
2026-07-07,1142,30,,4.58,,44.98
2026-07-27,1143,40,6.0,5.99,205.08,204.74
2026-07-31,1156,10,4.8,4.65,134.11,129.92
2026-07-01,1161,20,1.51,1.51,46.99,46.99
2026-07-20,1161,20,1.19,1.3,37.03,40.46
2026-07-01,1102,30,2.43,2.88,25.64,30.38
2026-07-25,1104,10,4.74,3.85,128.83,104.64
2026-07-22,1108,10,2.56,2.92,30.9,35.24
2026-07-27,1112,10,1.64,1.48,51.55,46.52
2026-07-13,1122,30,5.73,4.89,77.07,65.77
2026-07-20,1127,40,5.57,5.11,149.94,137.56
2026-07-27,1132,10,3.03,3.64,84.48,101.48
2026-07-06,1154,30,3.2,2.6,33.06,26.86
2026-07-10,1168,10,4.7,5.32,40.89,46.28
2026-07-21,1170,30,3.75,3.91,69.26,72.22
2026-07-11,1001,20,1.0,1.0,22.0,22.0
2026-07-02,1112,10,1.39,1.48,43.69,46.52
2026-07-06,1114,30,2.35,2.56,30.06,32.74
2026-07-30,1115,40,7.18,5.76,248.43,199.3
2026-07-05,1125,20,4.37,4.93,44.18,49.84
2026-07-19,1138,30,5.53,5.32,142.12,136.72
2026-07-06,1141,20,2.22,1.8,40.2,32.6
2026-07-17,1141,20,1.42,1.44,25.72,26.08
2026-07-27,1144,10,6.29,5.31,110.58,93.35
2026-07-10,1148,10,4.45,5.11,101.73,116.81
2026-07-29,1151,40,4.32,4.45,103.2,106.31
2026-07-02,1154,30,2.49,2.65,25.72,27.37
2026-07-25,1155,40,4.24,5.17,97.94,119.43
2026-07-26,1157,20,4.02,3.64,33.81,30.61
2026-07-02,1164,10,1.18,1.05,36.34,32.34
2026-07-10,1164,10,0.88,0.93,27.1,28.64
2026-07-06,1002,10,1.5,1.2,45.0,36.0
2026-07-28,1006,10,0.0,0.0,0.0,0.0
2026-07-11,1112,10,1.2,1.39,37.72,43.69
2026-07-04,1130,30,1.83,2.1,60.21,69.09
2026-07-19,1134,30,1.33,1.6,26.77,32.21
2026-07-22,1135,40,2.42,2.63,34.58,37.58
2026-07-16,1140,10,0.54,0.62,7.97,9.15
2026-07-28,1148,10,6.62,5.59,151.33,127.79
2026-07-06,1151,40,4.27,4.53,102.01,108.22
2026-07-16,1162,30,0.7,0.82,16.17,18.94
2026-07-20,1162,30,0.73,0.83,16.86,19.17
2026-07-19,1163,40,2.84,3.24,61.97,70.7
2026-07-06,1164,10,0.95,1.03,29.26,31.72
2026-07-28,1116,10,5.94,5.34,133.0,119.56
2026-07-09,1118,30,4.97,5.32,170.97,183.01
2026-07-05,1122,30,4.81,5.72,64.69,76.93
2026-07-28,1123,40,5.92,6.33,170.2,181.99
2026-07-14,1124,10,1.46,1.55,40.0,42.47
2026-07-03,1125,20,4.45,4.74,44.99,47.92
2026-07-12,1125,20,5.42,4.69,54.8,47.42
2026-07-24,1151,40,3.25,3.91,77.64,93.41
2026-07-22,1001,10,4.0,3.0,80.0,60.0
2026-07-17,1103,40,0.64,0.6,21.18,19.86
2026-07-01,1116,10,4.79,5.1,107.25,114.19
2026-07-15,1131,40,3.43,2.88,76.63,64.34
2026-07-17,1154,30,2.01,2.11,20.76,21.8
2026-07-31,1155,40,6.95,5.95,160.55,137.45
2026-07-29,1157,20,4.04,3.84,33.98,32.29
2026-07-06,1166,30,4.66,5.53,145.16,172.26
2026-07-17,1007,10,2.0,2.0,40.0,40.0
2026-07-30,1005,10,,3.0,,75.0
2026-07-31,1002,10,1.5,1.2,45.0,36.0
2026-07-27,1103,40,0.94,0.75,31.11,24.83
2026-07-28,1113,20,0.0,0.0,0.0,0.0
2026-07-20,1117,20,2.05,2.13,62.5,64.94
2026-07-04,1125,20,5.86,4.85,59.24,49.03
2026-07-07,1133,20,2.2,1.99,67.03,60.64
2026-07-25,1143,40,6.79,5.74,232.08,196.19
2026-07-01,1152,10,5.35,5.12,171.09,163.74
2026-07-15,1161,20,1.5,1.37,46.68,42.63
2026-07-12,1162,30,0.91,0.91,21.02,21.02
2026-07-29,1164,10,1.26,1.05,38.81,32.34
2026-07-24,1003,10,2.0,2.0,20.0,20.0
2026-07-27,1001,20,1.0,1.0,22.0,22.0
2026-07-15,1102,30,2.08,2.47,21.94,26.06
2026-07-09,1103,40,0.7,0.71,23.17,23.5
2026-07-28,1117,20,3.04,2.6,92.69,79.27
2026-07-30,1118,30,6.01,5.69,206.74,195.74
2026-07-19,1126,30,,2.53,,54.9
2026-07-29,1126,30,,3.16,,68.57
2026-07-05,1145,20,2.1,2.12,65.06,65.68
2026-07-02,1147,40,3.87,3.93,106.58,108.23
2026-07-16,1148,10,4.3,4.43,98.3,101.27
2026-07-23,1148,10,5.44,5.0,124.36,114.3
2026-07-20,1151,40,4.35,3.58,103.92,85.53
2026-07-18,1160,10,1.47,1.27,50.79,43.88
2026-07-02,1165,20,4.32,3.84,67.69,60.17
2026-07-24,1171,40,1.74,1.56,52.93,47.46
2026-07-01,1004,20,2.0,2.0,50.0,50.0
2026-07-16,1001,10,4.0,3.0,80.0,60.0
2026-07-29,1002,10,1.5,1.2,45.0,36.0
2026-07-21,1100,10,3.83,3.3,70.13,60.42
2026-07-04,1103,40,0.64,0.76,21.18,25.16
2026-07-16,1104,10,3.61,3.14,98.12,85.35
2026-07-02,1123,40,6.56,6.26,188.6,179.97
2026-07-26,1123,40,6.38,6.14,183.42,176.52
2026-07-23,1124,10,1.67,1.78,45.76,48.77
2026-07-11,1125,20,5.71,4.8,57.73,48.53
2026-07-26,1126,30,,2.95,,64.02
2026-07-15,1132,10,2.73,3.06,76.11,85.31
2026-07-03,1136,10,0.65,0.76,18.0,21.04
2026-07-11,1153,20,6.72,5.89,65.59,57.49
2026-07-19,1154,30,2.64,2.18,27.27,22.52
2026-07-13,1160,10,1.2,1.44,41.46,49.75
2026-07-13,1166,30,5.18,4.88,161.36,152.01
2026-07-19,1166,30,3.67,4.35,114.32,135.5
2026-07-05,1104,10,4.2,3.96,114.16,107.63
2026-07-28,1115,40,5.31,5.52,183.73,190.99
2026-07-26,1118,30,6.57,5.49,226.01,188.86
2026-07-24,1128,10,4.0,3.31,130.72,108.17
2026-07-16,1130,30,2.01,1.81,66.13,59.55
2026-07-15,1138,30,6.34,5.29,162.94,135.95
2026-07-19,1147,40,3.46,3.21,95.29,88.4
2026-07-07,1150,30,3.75,3.06,95.96,78.31
2026-07-24,1162,30,0.84,0.92,19.4,21.25
2026-07-30,1163,40,4.7,4.04,102.55,88.15
2026-07-05,1165,20,4.18,4.11,65.5,64.4
2026-07-03,1001,10,4.0,3.0,80.0,60.0
2026-07-10,1006,10,0.0,0.0,0.0,0.0
2026-07-08,1105,20,4.52,4.51,101.56,101.34
2026-07-09,1105,20,4.13,4.47,92.8,100.44
2026-07-09,1123,40,7.01,5.95,201.54,171.06
2026-07-19,1136,10,0.72,0.62,19.94,17.17
2026-07-20,1154,30,2.02,2.23,20.87,23.04
2026-07-31,1157,20,4.69,3.86,39.44,32.46
2026-07-11,1159,40,3.04,3.08,50.62,51.28
2026-07-26,1001,20,1.0,1.0,22.0,22.0
2026-07-29,1001,10,4.0,3.0,80.0,60.0
2026-07-03,1108,10,3.48,3.36,42.0,40.56
2026-07-10,1108,10,2.58,3.07,31.14,37.05
2026-07-29,1108,10,3.56,3.38,42.97,40.8
2026-07-24,1109,20,4.33,4.4,96.65,98.21
2026-07-14,1111,40,4.28,3.98,119.97,111.56
2026-07-18,1114,30,1.69,2.1,21.62,26.86
2026-07-06,1116,10,4.71,5.54,105.46,124.04
2026-07-30,1116,10,4.94,5.51,110.61,123.37
2026-07-01,1117,20,2.05,2.51,62.5,76.53
2026-07-21,1117,20,2.57,2.17,78.36,66.16
2026-07-13,1119,40,4.89,4.85,107.82,106.94
2026-07-15,1126,30,,2.68,,58.16
2026-07-21,1131,40,3.36,2.77,75.06,61.88
2026-07-26,1152,10,5.13,5.1,164.06,163.1
2026-07-25,1160,10,1.62,1.37,55.97,47.33
2026-07-23,1166,30,5.58,4.64,173.82,144.54
2026-07-05,1101,20,5.94,6.61,92.37,102.79
2026-07-19,1114,30,2.61,2.14,33.38,27.37
2026-07-16,1115,40,5.35,4.88,185.11,168.85
2026-07-28,1125,20,5.54,4.72,56.01,47.72
2026-07-01,1126,30,,2.97,,64.45
2026-07-08,1130,30,2.37,2.17,77.97,71.39
2026-07-09,1131,40,3.82,3.38,85.34,75.51
2026-07-25,1141,20,1.33,1.6,24.09,28.98
2026-07-21,1150,30,2.16,2.42,55.27,61.93
2026-07-20,1156,10,3.62,3.67,101.14,102.54
2026-07-24,1156,10,3.48,4.01,97.23,112.04
2026-07-06,1158,30,,1.6,,20.99
2026-07-18,1006,10,0.0,0.0,0.0,0.0
2026-07-12,1100,10,4.63,3.9,84.78,71.41
2026-07-01,1115,40,4.56,5.24,157.78,181.3
2026-07-03,1116,10,6.12,5.35,137.03,119.79
2026-07-13,1118,30,5.86,4.74,201.58,163.06
2026-07-31,1118,30,5.15,5.65,177.16,194.36
2026-07-21,1123,40,6.14,5.34,176.52,153.53
2026-07-19,1125,20,4.05,3.95,40.95,39.93
2026-07-22,1127,40,5.17,5.35,139.18,144.02
2026-07-12,1138,30,5.36,5.68,137.75,145.98
2026-07-18,1141,20,1.63,1.42,29.52,25.72
2026-07-06,1144,10,5.56,5.22,97.74,91.77
2026-07-02,1145,20,1.94,1.99,60.1,61.65
2026-07-02,1148,10,5.91,5.53,135.1,126.42
2026-07-08,1150,30,2.67,3.05,68.33,78.05
2026-07-13,1150,30,3.14,2.78,80.35,71.14
2026-07-05,1160,10,1.65,1.56,57.01,53.9
2026-07-05,1001,10,4.0,3.0,80.0,60.0
2026-07-05,1007,10,2.0,2.0,40.0,40.0
2026-07-22,1119,40,5.48,5.31,120.83,117.09
2026-07-06,1121,20,6.69,6.04,218.9,197.63
2026-07-28,1132,10,3.77,3.7,105.11,103.16
2026-07-11,1152,10,3.95,4.92,126.32,157.34
2026-07-20,1163,40,3.68,3.3,80.3,72.01
2026-07-11,1166,30,4.58,5.17,142.67,161.05
2026-07-09,1171,40,2.0,1.76,60.84,53.54
2026-07-02,1111,40,3.95,4.39,110.72,123.05
2026-07-28,1112,10,1.78,1.51,55.95,47.46
2026-07-05,1123,40,5.4,6.36,155.25,182.85
2026-07-12,1128,10,3.57,3.09,116.67,100.98
2026-07-03,1139,40,5.82,6.35,136.07,148.46
2026-07-11,1154,30,2.04,2.28,21.07,23.55
2026-07-07,1166,30,5.28,5.52,164.47,171.95
2026-07-29,1168,10,4.91,5.85,42.72,50.89
2026-07-28,1001,10,4.0,3.0,80.0,60.0
2026-07-30,1100,10,4.52,4.1,82.76,75.07
2026-07-07,1114,30,2.76,2.51,35.3,32.1
2026-07-29,1128,10,4.15,3.62,135.62,118.3
2026-07-10,1143,40,5.62,5.54,192.09,189.36
2026-07-23,1143,40,5.59,5.43,191.07,185.6
2026-07-10,1167,40,5.43,5.24,107.57,103.8
2026-07-09,1006,10,0.0,0.0,0.0,0.0
2026-07-28,1100,10,4.54,3.93,83.13,71.96
2026-07-20,1110,30,,4.91,,97.46
2026-07-01,1112,10,1.44,1.45,45.26,45.57
2026-07-09,1113,20,0.0,0.0,0.0,0.0
2026-07-23,1117,20,2.83,2.29,86.29,69.82
2026-07-11,1129,20,3.82,3.5,69.98,64.12
2026-07-09,1132,10,3.31,3.61,92.28,100.65
2026-07-06,1142,30,,4.62,,45.37
2026-07-04,1145,20,2.35,2.09,72.8,64.75
2026-07-31,1152,10,5.91,5.41,189.0,173.01
2026-07-26,1160,10,1.76,1.41,60.81,48.72
2026-07-02,1167,40,4.98,5.42,98.65,107.37
2026-07-27,1167,40,5.35,5.4,105.98,106.97
2026-07-31,1167,40,4.61,5.6,91.32,110.94
2026-07-29,1169,20,0.84,0.73,26.69,23.19
2026-07-21,1006,10,0.0,0.0,0.0,0.0
2026-07-22,1101,20,5.74,5.43,89.26,84.44
2026-07-20,1118,30,5.25,4.66,180.6,160.3
2026-07-20,1122,30,5.23,4.58,70.34,61.6
2026-07-22,1123,40,4.55,5.5,130.81,158.12
2026-07-22,1133,20,1.86,1.76,56.67,53.63
2026-07-28,1139,40,6.72,6.35,157.11,148.46
2026-07-01,1142,30,,4.37,,42.91
2026-07-25,1146,30,4.63,4.09,49.63,43.84
2026-07-28,1146,30,4.27,4.43,45.77,47.49
2026-07-11,1148,10,5.65,4.95,129.16,113.16
2026-07-06,1152,10,5.87,5.41,187.72,173.01
2026-07-09,1154,30,2.92,2.42,30.16,25.0
2026-07-09,1155,40,6.86,5.93,158.47,136.98
2026-07-22,1155,40,4.18,4.8,96.56,110.88
2026-07-23,1159,40,3.63,3.3,60.44,54.94
2026-07-03,1170,30,3.93,4.67,72.59,86.25
2026-07-20,1105,20,3.46,3.55,77.75,79.77
2026-07-06,1112,10,1.88,1.53,59.09,48.09
2026-07-13,1115,40,5.58,5.33,193.07,184.42
2026-07-15,1118,30,5.34,4.54,183.7,156.18
2026-07-22,1125,20,3.67,4.02,37.1,40.64
2026-07-18,1126,30,,2.54,,55.12
2026-07-11,1131,40,2.89,3.23,64.56,72.16
2026-07-18,1142,30,,3.63,,35.65
2026-07-29,1150,30,2.99,2.95,76.51,75.49
2026-07-14,1155,40,6.34,5.28,146.45,121.97
2026-07-13,1156,10,3.52,4.1,98.35,114.55
2026-07-12,1163,40,3.29,3.46,71.79,75.5
2026-07-30,1167,40,6.78,5.61,134.31,111.13
2026-07-21,1002,10,1.5,1.2,45.0,36.0
2026-07-03,1100,10,4.56,3.94,83.49,72.14
2026-07-26,1106,30,5.23,5.84,59.67,66.63
2026-07-02,1117,20,2.42,2.56,73.79,78.05
2026-07-07,1121,20,6.95,6.03,227.4,197.3
2026-07-30,1004,20,2.0,2.0,50.0,50.0
2026-07-16,1102,30,2.16,2.43,22.79,25.64
2026-07-25,1102,30,2.84,2.79,29.96,29.43
2026-07-11,1103,40,0.65,0.67,21.52,22.18
2026-07-31,1104,10,4.36,3.91,118.5,106.27
2026-07-23,1105,20,4.12,3.69,92.58,82.91
2026-07-27,1108,10,3.18,3.32,38.38,40.07
2026-07-16,1116,10,4.56,4.5,102.1,100.75
2026-07-16,1127,40,5.63,5.09,151.56,137.02
2026-07-01,1132,10,3.29,3.56,91.73,99.25
2026-07-27,1136,10,0.84,0.74,23.26,20.49
2026-07-15,1147,40,3.87,3.3,106.58,90.88
2026-07-14,1151,40,4.83,3.88,115.39,92.69
2026-07-03,1155,40,5.37,5.66,124.05,130.75
2026-07-08,1171,40,1.78,1.79,54.15,54.45
2026-07-02,1106,30,5.58,6.02,63.67,68.69
2026-07-04,1107,40,2.38,2.28,26.75,25.63
2026-07-01,1108,10,3.26,3.27,39.35,39.47
2026-07-04,1119,40,6.74,5.96,148.62,131.42
2026-07-16,1121,20,5.34,4.9,174.72,160.33
2026-07-23,1122,30,4.33,4.94,58.24,66.44
2026-07-25,1123,40,7.21,6.0,207.29,172.5
2026-07-03,1128,10,4.44,3.6,145.1,117.65
2026-07-08,1149,20,0.0,0.0,0.0,0.0
2026-07-30,1153,20,6.63,6.68,64.71,65.2
2026-07-24,1160,10,1.51,1.33,52.17,45.95
2026-07-23,1162,30,1.09,0.89,25.18,20.56
2026-07-22,1103,40,0.65,0.66,21.52,21.85
2026-07-15,1106,30,5.76,5.3,65.72,60.47
2026-07-30,1106,30,5.93,6.33,67.66,72.23
2026-07-25,1113,20,0.0,0.0,0.0,0.0
2026-07-28,1119,40,6.26,5.97,138.03,131.64
2026-07-05,1132,10,3.68,3.77,102.6,105.11
2026-07-27,1142,30,,4.46,,43.8
2026-07-01,1147,40,4.12,3.84,113.46,105.75
2026-07-19,1148,10,5.6,4.5,128.02,102.87
2026-07-21,1151,40,3.47,3.63,82.9,86.72
2026-07-07,1156,10,4.94,4.64,138.02,129.64
2026-07-16,1170,30,3.75,4.12,69.26,76.1
2026-07-01,1006,10,0.0,0.0,0.0,0.0
2026-07-08,1001,10,4.0,3.0,80.0,60.0
2026-07-29,1003,10,2.0,2.0,20.0,20.0
2026-07-02,1102,30,2.49,2.94,26.27,31.02
2026-07-01,1113,20,0.0,0.0,0.0,0.0
2026-07-21,1113,20,0.0,0.0,0.0,0.0
2026-07-14,1120,10,0.61,0.69,18.99,21.48
2026-07-31,1136,10,0.95,0.78,26.31,21.6
2026-07-24,1137,20,2.52,2.51,33.21,33.08
2026-07-19,1145,20,2.1,1.7,65.06,52.67
2026-07-10,1158,30,,1.46,,19.16
2026-07-15,1162,30,0.98,0.84,22.64,19.4
2026-07-18,1169,20,0.62,0.58,19.7,18.43
2026-07-20,1001,20,1.0,1.0,22.0,22.0
2026-07-16,1101,20,5.71,5.39,88.79,83.81
2026-07-22,1117,20,1.85,2.23,56.41,67.99
2026-07-13,1120,10,0.79,0.71,24.59,22.1
2026-07-28,1137,20,2.88,2.77,37.96,36.51
2026-07-08,1144,10,5.14,4.99,90.36,87.72
2026-07-11,1158,30,,1.42,,18.63
2026-07-16,1158,30,,1.27,,16.66
2026-07-29,1170,30,4.55,4.77,84.04,88.1
2026-07-13,1005,10,,3.0,,75.0
2026-07-23,1007,10,2.0,2.0,40.0,40.0
2026-07-12,1101,20,6.61,6.03,102.79,93.77
2026-07-15,1101,20,4.47,5.52,69.51,85.84
2026-07-28,1105,20,5.11,4.25,114.82,95.5
2026-07-16,1106,30,5.23,5.17,59.67,58.99
2026-07-05,1110,30,,6.14,,121.88
2026-07-02,1120,10,0.9,0.72,28.02,22.41
2026-07-17,1123,40,4.5,5.01,129.38,144.04
2026-07-26,1124,10,1.6,1.91,43.84,52.33
2026-07-09,1134,30,1.64,1.78,33.01,35.83
2026-07-05,1161,20,1.62,1.64,50.41,51.04
2026-07-01,1168,10,5.26,5.66,45.76,49.24
2026-07-02,1107,40,2.54,2.22,28.55,24.95
2026-07-12,1113,20,0.0,0.0,0.0,0.0
2026-07-04,1129,20,5.01,4.08,91.78,74.75
2026-07-29,1131,40,3.64,3.4,81.32,75.96
2026-07-16,1136,10,0.63,0.64,17.44,17.72
2026-07-12,1137,20,2.2,2.49,29.0,32.82
2026-07-06,1156,10,4.83,4.65,134.95,129.92
2026-07-06,1157,20,3.52,3.86,29.6,32.46
2026-07-03,1160,10,1.7,1.5,58.73,51.82
2026-07-23,1164,10,1.15,0.96,35.42,29.57
2026-07-23,1167,40,5.9,4.84,116.88,95.88
2026-07-29,1171,40,1.49,1.77,45.33,53.84
2026-07-19,1001,20,1.0,1.0,22.0,22.0
2026-07-24,1001,20,1.0,1.0,22.0,22.0
2026-07-18,1102,30,2.09,2.39,22.05,25.21
2026-07-02,1110,30,,5.75,,114.14
2026-07-13,1114,30,2.38,2.13,30.44,27.24
2026-07-30,1114,30,2.31,2.6,29.54,33.25
2026-07-27,1117,20,2.56,2.56,78.05,78.05
2026-07-03,1127,40,7.08,6.28,190.59,169.06
2026-07-01,1129,20,4.28,4.02,78.41,73.65
2026-07-27,1134,30,1.6,1.95,32.21,39.25
2026-07-02,1135,40,3.32,3.02,47.44,43.16
2026-07-14,1137,20,2.39,2.35,31.5,30.97
2026-07-29,1137,20,2.51,2.8,33.08,36.9
2026-07-23,1138,30,7.21,5.91,185.3,151.89
2026-07-28,1138,30,6.88,6.6,176.82,169.62
2026-07-12,1143,40,4.66,5.22,159.28,178.42
2026-07-31,1154,30,3.03,2.61,31.3,26.96
2026-07-17,1156,10,3.85,3.7,107.57,103.38
2026-07-08,1003,10,2.0,2.0,20.0,20.0
2026-07-21,1103,40,0.69,0.64,22.84,21.18
2026-07-11,1104,10,4.01,3.42,108.99,92.96
2026-07-13,1116,10,5.57,4.89,124.71,109.49
2026-07-17,1116,10,4.85,4.42,108.59,98.96
2026-07-30,1122,30,4.95,5.72,66.58,76.93
2026-07-31,1123,40,7.52,6.32,216.2,181.7
2026-07-22,1134,30,1.4,1.74,28.18,35.03
2026-07-31,1141,20,2.04,1.8,36.94,32.6
2026-07-01,1143,40,5.24,5.9,179.1,201.66
2026-07-21,1156,10,3.62,3.72,101.14,103.94
2026-07-03,1171,40,2.07,1.74,62.97,52.93
2026-07-05,1001,20,1.0,1.0,22.0,22.0
2026-07-01,1105,20,4.67,4.03,104.93,90.55
2026-07-06,1105,20,3.86,4.49,86.73,100.89
2026-07-31,1107,40,2.19,2.29,24.62,25.74
2026-07-25,1136,10,0.77,0.7,21.32,19.38
2026-07-02,1139,40,6.06,6.32,141.68,147.76
2026-07-06,1139,40,7.54,6.2,176.29,144.96
2026-07-14,1139,40,4.27,5.06,99.83,118.3
2026-07-28,1142,30,,4.54,,44.58
2026-07-19,1146,30,3.58,3.62,38.38,38.81
2026-07-04,1159,40,3.87,3.6,64.44,59.94
2026-07-06,1160,10,1.68,1.58,58.04,54.59
2026-07-29,1162,30,0.95,1.02,21.95,23.56
2026-07-09,1163,40,4.5,3.78,98.19,82.48
2026-07-17,1169,20,0.65,0.58,20.65,18.43
2026-07-31,1169,20,0.74,0.71,23.51,22.56
2026-07-28,1171,40,1.79,1.74,54.45,52.93
2026-07-27,1003,10,2.0,2.0,20.0,20.0
2026-07-30,1001,20,1.0,1.0,22.0,22.0
2026-07-06,1101,20,7.62,6.64,118.49,103.25
2026-07-08,1108,10,3.91,3.24,47.19,39.11
2026-07-03,1109,20,5.41,4.67,120.75,104.23
2026-07-20,1109,20,3.65,3.92,81.47,87.49
2026-07-25,1114,30,2.52,2.52,32.23,32.23
2026-07-25,1131,40,3.09,3.08,69.03,68.81
2026-07-21,1133,20,1.52,1.71,46.31,52.1
2026-07-09,1151,40,4.67,4.43,111.57,105.83
2026-07-22,1160,10,1.07,1.27,36.97,43.88
2026-07-15,1005,10,,3.0,,75.0
2026-07-10,1105,20,4.73,4.41,106.28,99.09
2026-07-22,1116,10,5.37,4.53,120.23,101.43
2026-07-30,1128,10,3.36,3.61,109.8,117.97
2026-07-22,1139,40,5.18,5.65,121.11,132.1
2026-07-20,1143,40,6.02,4.99,205.76,170.56
2026-07-01,1145,20,1.95,1.93,60.41,59.79
2026-07-28,1149,20,0.0,0.0,0.0,0.0
2026-07-27,1151,40,5.16,4.27,123.27,102.01
2026-07-31,1151,40,4.93,4.53,117.78,108.22
2026-07-05,1158,30,,1.61,,21.12
2026-07-12,1160,10,1.44,1.49,49.75,51.48
2026-07-22,1165,20,3.81,3.35,59.7,52.49
2026-07-30,1166,30,5.97,5.5,185.97,171.32
2026-07-06,1168,10,5.09,5.8,44.28,50.46
2026-07-21,1001,20,1.0,1.0,22.0,22.0
2026-07-08,1103,40,0.59,0.73,19.53,24.16
2026-07-27,1105,20,3.54,4.13,79.54,92.8
2026-07-13,1106,30,6.22,5.62,70.97,64.12
2026-07-02,1114,30,2.32,2.61,29.67,33.38
2026-07-02,1115,40,4.8,5.4,166.08,186.84
2026-07-28,1118,30,5.74,5.66,197.46,194.7
2026-07-22,1132,10,3.53,3.16,98.42,88.1
2026-07-14,1138,30,6.38,5.39,163.97,138.52
2026-07-14,1145,20,2.04,1.9,63.2,58.86
2026-07-02,1166,30,5.35,5.22,166.65,162.6
2026-07-08,1001,20,1.0,1.0,22.0,22.0
2026-07-11,1100,10,3.55,4.0,65.0,73.24
2026-07-01,1104,10,3.39,3.93,92.14,106.82
2026-07-21,1104,10,3.9,3.45,106.0,93.77
2026-07-29,1110,30,,6.02,,119.5
2026-07-24,1111,40,3.27,4.01,91.66,112.4
2026-07-21,1125,20,3.33,3.96,33.67,40.04
2026-07-10,1130,30,1.92,2.12,63.17,69.75
2026-07-02,1136,10,0.74,0.74,20.49,20.49
2026-07-23,1156,10,4.07,3.9,113.72,108.97
2026-07-11,1161,20,1.52,1.54,47.3,47.92
2026-07-14,1161,20,1.65,1.41,51.35,43.88
2026-07-31,1163,40,3.6,4.01,78.55,87.5
2026-07-06,1003,10,2.0,2.0,20.0,20.0
2026-07-25,1003,10,2.0,2.0,20.0,20.0
2026-07-02,1104,10,4.58,3.98,124.48,108.18
2026-07-11,1108,10,3.49,2.98,42.12,35.97
2026-07-09,1127,40,6.1,6.11,164.21,164.48
2026-07-31,1134,30,1.67,1.92,33.62,38.65
2026-07-07,1138,30,6.29,6.48,161.65,166.54
2026-07-01,1170,30,4.52,4.42,83.48,81.64
2026-07-09,1007,10,2.0,2.0,40.0,40.0
2026-07-18,1003,10,2.0,2.0,20.0,20.0
2026-07-26,1105,20,3.44,4.01,77.3,90.1
2026-07-15,1120,10,0.75,0.67,23.35,20.86
2026-07-03,1122,30,6.22,5.63,83.66,75.72
2026-07-25,1130,30,1.78,1.87,58.56,61.52
2026-07-27,1131,40,2.61,3.26,58.31,72.83
2026-07-25,1132,10,3.09,3.46,86.15,96.46
2026-07-29,1132,10,3.63,3.75,101.2,104.55
2026-07-13,1134,30,1.39,1.59,27.98,32.01
2026-07-21,1134,30,1.45,1.69,29.19,34.02
2026-07-08,1137,20,2.32,2.76,30.58,36.38
2026-07-30,1144,10,6.55,5.3,115.15,93.17
2026-07-05,1146,30,5.56,4.58,59.6,49.1
2026-07-04,1149,20,0.0,0.0,0.0,0.0
2026-07-28,1152,10,5.98,5.32,191.24,170.13
2026-07-07,1160,10,1.68,1.59,58.04,54.93
2026-07-21,1005,10,,3.0,,75.0
2026-07-01,1103,40,0.88,0.74,29.13,24.49
2026-07-22,1106,30,5.47,5.21,62.41,59.45
2026-07-24,1110,30,,5.24,,104.01
2026-07-21,1111,40,3.12,3.72,87.45,104.27
2026-07-18,1127,40,6.07,5.02,163.4,135.14
2026-07-21,1136,10,0.53,0.63,14.68,17.44
2026-07-13,1149,20,0.0,0.0,0.0,0.0
2026-07-16,1149,20,0.0,0.0,0.0,0.0
2026-07-03,1167,40,5.69,5.52,112.72,109.35
2026-07-31,1103,40,0.66,0.76,21.85,25.16
2026-07-18,1111,40,4.13,3.66,115.76,102.59
2026-07-14,1116,10,4.72,4.74,105.68,106.13
2026-07-22,1129,20,4.03,3.64,73.83,66.68
2026-07-30,1132,10,4.24,3.77,118.21,105.11
2026-07-20,1136,10,0.55,0.62,15.23,17.17
2026-07-14,1142,30,,3.85,,37.81
2026-07-24,1146,30,3.78,3.97,40.52,42.56
2026-07-07,1148,10,4.72,5.49,107.9,125.5
2026-07-11,1170,30,4.93,4.74,91.06,87.55
2026-07-03,1002,10,1.5,1.2,45.0,36.0
2026-07-12,1102,30,2.98,2.68,31.44,28.27
2026-07-29,1111,40,4.17,4.56,116.89,127.82
2026-07-17,1119,40,5.01,4.72,110.47,104.08
2026-07-01,1123,40,6.75,6.16,194.06,177.1
2026-07-15,1148,10,4.3,4.48,98.3,102.41
2026-07-16,1154,30,2.37,2.09,24.48,21.59
2026-07-01,1155,40,6.56,5.35,151.54,123.58
2026-07-14,1166,30,5.05,4.73,157.31,147.34
2026-07-22,1167,40,5.68,4.7,112.52,93.11
2026-07-07,1001,20,1.0,1.0,22.0,22.0
2026-07-19,1006,10,0.0,0.0,0.0,0.0
2026-07-15,1111,40,3.66,3.87,102.59,108.48
2026-07-05,1112,10,1.63,1.53,51.23,48.09
2026-07-17,1115,40,4.76,4.76,164.7,164.7
2026-07-24,1115,40,5.01,4.92,173.35,170.23
2026-07-02,1116,10,4.34,5.23,97.17,117.1
2026-07-06,1117,20,3.17,2.65,96.65,80.8
2026-07-15,1121,20,6.09,5.02,199.26,164.25
2026-07-15,1137,20,2.54,2.29,33.48,30.18
2026-07-22,1143,40,6.55,5.27,223.88,180.13
2026-07-11,1149,20,0.0,0.0,0.0,0.0
2026-07-17,1160,10,1.36,1.29,46.99,44.57
2026-07-17,1165,20,3.21,3.39,50.3,53.12
2026-07-12,1007,10,2.0,2.0,40.0,40.0
2026-07-15,1105,20,4.55,3.86,102.24,86.73
2026-07-21,1106,30,4.5,5.1,51.34,58.19
2026-07-08,1120,10,0.71,0.78,22.1,24.28
2026-07-22,1131,40,2.71,2.83,60.54,63.22
2026-07-26,1137,20,2.56,2.66,33.74,35.06
2026-07-20,1138,30,4.5,5.43,115.65,139.55
2026-07-01,1141,20,1.86,1.66,33.68,30.06
2026-07-22,1144,10,5.58,4.75,98.1,83.5
2026-07-16,1147,40,2.81,3.24,77.39,89.23
2026-07-12,1002,10,1.5,1.2,45.0,36.0
2026-07-13,1102,30,3.14,2.61,33.13,27.54
2026-07-11,1121,20,5.51,5.64,180.29,184.54
2026-07-31,1133,20,1.7,2.02,51.8,61.55
2026-07-05,1135,40,2.75,3.23,39.3,46.16
2026-07-06,1137,20,2.59,2.82,34.14,37.17
2026-07-16,1137,20,2.26,2.25,29.79,29.66
2026-07-26,1138,30,7.91,6.4,203.29,164.48
2026-07-26,1146,30,3.71,4.22,39.77,45.24
2026-07-29,1146,30,4.89,4.52,52.42,48.45
2026-07-02,1152,10,5.61,5.24,179.41,167.58
2026-07-26,1153,20,6.25,6.44,61.0,62.85
2026-07-30,1160,10,1.58,1.56,54.59,53.9
2026-07-31,1165,20,4.77,4.15,74.75,65.03
2026-07-27,1006,10,0.0,0.0,0.0,0.0
2026-07-12,1103,40,0.72,0.65,23.83,21.52
2026-07-18,1113,20,0.0,0.0,0.0,0.0
2026-07-14,1133,20,2.0,1.65,60.94,50.28
2026-07-07,1134,30,2.11,1.88,42.47,37.84
2026-07-15,1136,10,0.59,0.65,16.34,18.0
2026-07-01,1137,20,3.32,2.66,43.76,35.06
2026-07-20,1152,10,4.97,4.34,158.94,138.79
2026-07-17,1155,40,5.48,4.86,126.59,112.27
2026-07-26,1155,40,6.4,5.33,147.84,123.12
2026-07-04,1160,10,1.61,1.54,55.63,53.21
2026-07-05,1002,10,1.5,1.2,45.0,36.0
2026-07-12,1003,10,2.0,2.0,20.0,20.0
2026-07-28,1002,10,1.5,1.2,45.0,36.0
2026-07-07,1107,40,2.36,2.27,26.53,25.51
2026-07-12,1110,30,,5.84,,115.92
2026-07-18,1121,20,5.06,4.76,165.56,155.75
2026-07-24,1127,40,6.81,5.68,183.33,152.91
2026-07-05,1129,20,3.43,4.05,62.84,74.2
2026-07-24,1138,30,6.18,6.08,158.83,156.26
2026-07-25,1140,10,0.69,0.65,10.18,9.59
2026-07-07,1146,30,4.06,4.6,43.52,49.31
2026-07-29,1147,40,4.62,4.04,127.23,111.26
2026-07-18,1154,30,2.24,2.13,23.14,22.0
2026-07-16,1159,40,2.38,2.83,39.63,47.12
2026-07-06,1104,10,3.34,3.9,90.78,106.0
2026-07-01,1110,30,,5.58,,110.76
2026-07-19,1120,10,0.7,0.62,21.79,19.3
2026-07-24,1121,20,4.75,5.21,155.42,170.47
2026-07-07,1124,10,2.3,1.86,63.02,50.96
2026-07-01,1127,40,4.82,6.03,129.75,162.33
2026-07-24,1131,40,2.75,2.99,61.44,66.8
2026-07-11,1132,10,3.64,3.43,101.48,95.63
2026-07-12,1148,10,4.43,4.81,101.27,109.96
2026-07-08,1160,10,1.73,1.59,59.77,54.93
2026-07-07,1167,40,5.91,5.56,117.08,110.14
2026-07-25,1170,30,3.77,4.27,69.63,78.87
2026-07-04,1007,10,2.0,2.0,40.0,40.0
2026-07-10,1001,10,4.0,3.0,80.0,60.0
2026-07-05,1128,10,3.47,3.61,113.4,117.97
2026-07-20,1134,30,1.69,1.64,34.02,33.01
2026-07-10,1149,20,0.0,0.0,0.0,0.0
2026-07-05,1150,30,3.08,3.01,78.82,77.03
2026-07-19,1152,10,5.19,4.28,165.98,136.87
2026-07-07,1169,20,0.61,0.7,19.38,22.24
2026-07-08,1100,10,4.98,4.17,91.18,76.35
2026-07-24,1120,10,0.54,0.66,16.81,20.55
2026-07-11,1124,10,1.63,1.67,44.66,45.76
2026-07-22,1124,10,2.15,1.73,58.91,47.4
2026-07-25,1124,10,2.07,1.88,56.72,51.51
2026-07-06,1128,10,3.67,3.58,119.94,116.99
2026-07-12,1133,20,1.72,1.74,52.41,53.02
2026-07-27,1138,30,7.19,6.52,184.78,167.56
2026-07-05,1141,20,1.7,1.79,30.79,32.42
2026-07-23,1154,30,2.07,2.44,21.38,25.21
2026-07-25,1158,30,,1.52,,19.94
2026-07-05,1159,40,3.49,3.57,58.11,59.44
2026-07-11,1165,20,3.93,4.0,61.58,62.68
2026-07-22,1170,30,4.16,3.96,76.84,73.14
2026-07-25,1005,10,,3.0,,75.0
2026-07-13,1104,10,3.08,3.25,83.71,88.33
2026-07-12,1105,20,4.36,4.21,97.97,94.6
2026-07-30,1110,30,,6.13,,121.68
2026-07-25,1111,40,4.92,4.13,137.91,115.76
2026-07-28,1111,40,5.26,4.48,147.44,125.57
2026-07-07,1122,30,6.1,5.67,82.04,76.26
2026-07-22,1154,30,2.46,2.37,25.41,24.48
2026-07-14,1157,20,3.53,3.21,29.69,27.0
2026-07-30,1157,20,4.31,3.86,36.25,32.46
2026-07-11,1160,10,1.6,1.52,55.28,52.52
2026-07-19,1162,30,0.7,0.81,16.17,18.71
2026-07-19,1170,30,3.18,3.9,58.73,72.03
2026-07-01,1001,20,1.0,1.0,22.0,22.0
2026-07-22,1002,10,1.5,1.2,45.0,36.0
2026-07-09,1101,20,7.91,6.48,123.0,100.76
2026-07-02,1108,10,3.32,3.32,40.07,40.07
2026-07-15,1109,20,4.35,3.68,97.09,82.14
2026-07-26,1110,30,,5.56,,110.37
2026-07-11,1120,10,0.6,0.75,18.68,23.35
2026-07-28,1128,10,3.54,3.59,115.69,117.32
2026-07-07,1132,10,3.06,3.74,85.31,104.27
2026-07-24,1145,20,1.93,1.81,59.79,56.07
2026-07-17,1146,30,3.81,3.67,40.84,39.34
2026-07-14,1169,20,0.68,0.58,21.6,18.43
2026-07-05,1170,30,4.55,4.87,84.04,89.95
2026-07-09,1004,20,2.0,2.0,50.0,50.0
2026-07-31,1001,10,4.0,3.0,80.0,60.0
2026-07-09,1104,10,3.38,3.63,91.87,98.66
2026-07-05,1109,20,5.67,4.63,126.55,103.34
2026-07-22,1112,10,1.18,1.29,37.09,40.54
2026-07-23,1129,20,3.39,3.74,62.1,68.52
2026-07-06,1130,30,2.53,2.16,83.24,71.06
2026-07-13,1141,20,1.29,1.59,23.36,28.79
2026-07-10,1166,30,4.63,5.29,144.22,164.78
2026-07-15,1166,30,5.15,4.6,160.42,143.29
2026-07-12,1169,20,0.73,0.61,23.19,19.38
2026-07-18,1171,40,1.19,1.42,36.2,43.2
2026-07-30,1003,10,2.0,2.0,20.0,20.0
2026-07-29,1104,10,3.63,3.99,98.66,108.45
2026-07-17,1149,20,0.0,0.0,0.0,0.0
2026-07-19,1158,30,,1.29,,16.92
2026-07-15,1159,40,2.82,2.84,46.95,47.29
2026-07-01,1169,20,0.71,0.72,22.56,22.87
2026-07-12,1001,10,4.0,3.0,80.0,60.0
2026-07-21,1004,20,2.0,2.0,50.0,50.0
2026-07-27,1007,10,2.0,2.0,40.0,40.0
2026-07-26,1100,10,3.29,3.72,60.24,68.11
2026-07-07,1111,40,4.54,4.64,127.26,130.06
2026-07-26,1113,20,0.0,0.0,0.0,0.0
2026-07-01,1119,40,7.02,5.87,154.79,129.43
2026-07-15,1119,40,4.03,4.7,88.86,103.64
2026-07-04,1127,40,5.23,6.35,140.79,170.94
2026-07-10,1127,40,7.17,5.96,193.02,160.44
2026-07-21,1138,30,4.92,5.57,126.44,143.15
2026-07-30,1147,40,3.38,4.06,93.09,111.81
2026-07-17,1002,10,1.5,1.2,45.0,36.0
2026-07-26,1002,10,1.5,1.2,45.0,36.0
2026-07-20,1100,10,3.04,3.28,55.66,60.06
2026-07-09,1121,20,7.01,5.89,229.37,192.72
2026-07-04,1122,30,6.0,5.69,80.7,76.53
2026-07-06,1126,30,,3.22,,69.87
2026-07-06,1129,20,3.24,3.99,59.36,73.1
2026-07-24,1132,10,4.18,3.36,116.54,93.68
2026-07-31,1138,30,6.25,6.59,160.62,169.36
2026-07-13,1139,40,4.76,5.16,111.29,120.64
2026-07-19,1139,40,5.41,5.19,126.49,121.34
2026-07-07,1141,20,1.64,1.8,29.7,32.6
2026-07-03,1149,20,0.0,0.0,0.0,0.0
2026-07-30,1150,30,2.84,3.0,72.68,76.77
2026-07-12,1001,20,1.0,1.0,22.0,22.0
2026-07-19,1007,10,2.0,2.0,40.0,40.0
2026-07-27,1101,20,7.0,6.25,108.85,97.19
2026-07-11,1107,40,1.78,2.08,20.01,23.38
2026-07-05,1111,40,5.55,4.62,155.57,129.5
2026-07-07,1113,20,0.0,0.0,0.0,0.0
2026-07-29,1115,40,5.68,5.65,196.53,195.49
2026-07-17,1125,20,4.27,4.07,43.17,41.15
2026-07-14,1136,10,0.75,0.67,20.77,18.55
2026-07-01,1150,30,2.85,2.73,72.93,69.86
2026-07-22,1156,10,4.46,3.8,124.61,106.17
2026-07-08,1159,40,3.7,3.37,61.6,56.11
2026-07-02,1160,10,1.38,1.46,47.68,50.44
2026-07-04,1166,30,4.67,5.44,145.47,169.46
2026-07-24,1002,10,1.5,1.2,45.0,36.0
2026-07-28,1102,30,2.53,2.99,26.69,31.54
2026-07-22,1110,30,,5.0,,99.25
2026-07-29,1113,20,0.0,0.0,0.0,0.0
2026-07-12,1121,20,5.03,5.48,164.58,179.31
2026-07-22,1122,30,5.65,4.8,75.99,64.56
2026-07-24,1123,40,5.91,5.84,169.91,167.9
2026-07-01,1131,40,2.82,3.18,63.0,71.04
2026-07-17,1134,30,1.62,1.55,32.61,31.2
2026-07-03,1138,30,6.93,6.61,178.1,169.88
2026-07-26,1139,40,6.15,6.23,143.79,145.66
2026-07-01,1140,10,0.76,0.67,11.22,9.89
2026-07-25,1142,30,,4.24,,41.64
2026-07-07,1149,20,0.0,0.0,0.0,0.0
2026-07-04,1151,40,5.25,4.46,125.42,106.55
2026-07-22,1153,20,6.62,5.77,64.61,56.32
2026-07-09,1157,20,4.05,3.7,34.06,31.12
2026-07-30,1158,30,,1.61,,21.12
2026-07-22,1161,20,1.5,1.35,46.68,42.01
2026-07-23,1161,20,1.63,1.38,50.73,42.95
2026-07-27,1162,30,0.85,0.99,19.64,22.87
2026-07-12,1171,40,1.42,1.64,43.2,49.89
2026-07-20,1111,40,4.04,3.67,113.24,102.87
2026-07-13,1112,10,1.54,1.31,48.4,41.17
2026-07-12,1117,20,2.73,2.34,83.24,71.35
2026-07-04,1118,30,5.81,5.7,199.86,196.08
2026-07-08,1136,10,0.85,0.78,23.54,21.6
2026-07-16,1141,20,1.3,1.46,23.54,26.44
2026-07-02,1146,30,3.93,4.35,42.13,46.63
2026-07-28,1147,40,4.2,3.99,115.67,109.88
2026-07-14,1152,10,5.05,4.51,161.5,144.23
2026-07-02,1153,20,7.6,6.57,74.18,64.12
2026-07-14,1153,20,5.52,5.43,53.88,53.0
2026-07-10,1170,30,5.23,4.83,96.6,89.21
2026-07-02,1004,20,2.0,2.0,50.0,50.0
2026-07-12,1006,10,0.0,0.0,0.0,0.0
2026-07-16,1001,20,1.0,1.0,22.0,22.0
2026-07-23,1001,20,1.0,1.0,22.0,22.0
2026-07-29,1005,10,,3.0,,75.0
2026-07-08,1104,10,3.64,3.73,98.94,101.38
2026-07-13,1121,20,5.26,5.32,172.11,174.07
2026-07-27,1130,30,2.37,1.99,77.97,65.47
2026-07-14,1146,30,3.3,3.94,35.38,42.24
2026-07-08,1152,10,4.51,5.29,144.23,169.17
2026-07-16,1156,10,4.58,3.77,127.97,105.33
2026-07-21,1158,30,,1.35,,17.71
2026-07-13,1161,20,1.74,1.45,54.15,45.12
2026-07-30,1164,10,1.03,1.04,31.72,32.03
2026-07-17,1166,30,4.56,4.41,142.04,137.37
2026-07-06,1006,10,0.0,0.0,0.0,0.0
2026-07-10,1005,10,,3.0,,75.0
2026-07-23,1006,10,0.0,0.0,0.0,0.0
2026-07-23,1104,10,3.79,3.66,103.01,99.48
2026-07-26,1111,40,5.32,4.26,149.12,119.41
2026-07-04,1120,10,0.71,0.76,22.1,23.66
2026-07-31,1124,10,1.84,1.91,50.42,52.33
2026-07-02,1159,40,3.73,3.59,62.1,59.77
2026-07-30,1002,10,1.5,1.2,45.0,36.0
2026-07-18,1104,10,3.5,3.2,95.13,86.98
2026-07-17,1108,10,2.27,2.66,27.4,32.11
2026-07-14,1119,40,5.2,4.76,114.66,104.96
2026-07-24,1122,30,4.07,5.09,54.74,68.46
2026-07-05,1117,20,2.71,2.65,82.63,80.8
2026-07-22,1121,20,5.86,4.93,191.74,161.31
2026-07-27,1126,30,,3.04,,65.97
2026-07-21,1137,20,1.9,2.31,25.04,30.45
2026-07-30,1140,10,0.88,0.74,12.99,10.92
2026-07-20,1142,30,,3.7,,36.33
2026-07-21,1148,10,5.0,4.71,114.3,107.67
2026-07-03,1153,20,6.77,6.65,66.08,64.9
2026-07-05,1163,40,4.96,4.04,108.23,88.15
2026-07-13,1165,20,4.65,3.79,72.87,59.39
2026-07-21,1171,40,1.34,1.44,40.76,43.8
2026-07-13,1006,10,0.0,0.0,0.0,0.0
2026-07-14,1101,20,6.52,5.68,101.39,88.32
2026-07-03,1102,30,3.2,2.99,33.76,31.54
2026-07-06,1113,20,0.0,0.0,0.0,0.0
2026-07-16,1113,20,0.0,0.0,0.0,0.0
2026-07-19,1118,30,4.49,4.57,154.46,157.21
2026-07-03,1123,40,6.28,6.34,180.55,182.28
2026-07-08,1123,40,6.28,6.1,180.55,175.38
2026-07-15,1134,30,1.52,1.54,30.6,31.0
2026-07-14,1135,40,2.8,2.89,40.01,41.3
2026-07-25,1138,30,5.37,6.25,138.01,160.62
2026-07-12,1141,20,1.62,1.64,29.34,29.7
2026-07-29,1145,20,2.52,2.08,78.07,64.44
2026-07-11,1146,30,5.24,4.3,56.17,46.1
2026-07-26,1151,40,4.68,4.15,111.81,99.14
2026-07-20,1153,20,5.66,5.46,55.24,53.29
2026-07-15,1168,10,4.57,4.67,39.76,40.63
2026-07-04,1169,20,0.78,0.73,24.78,23.19
2026-07-06,1171,40,2.19,1.8,66.62,54.76
2026-07-06,1001,20,1.0,1.0,22.0,22.0
2026-07-18,1001,10,4.0,3.0,80.0,60.0
2026-07-29,1116,10,6.79,5.44,152.03,121.8
2026-07-21,1128,10,3.22,3.03,105.23,99.02
2026-07-19,1130,30,2.01,1.71,66.13,56.26
2026-07-23,1131,40,2.89,2.9,64.56,64.79
2026-07-18,1143,40,5.55,4.82,189.7,164.75
2026-07-01,1154,30,2.28,2.62,23.55,27.06
2026-07-22,1163,40,3.37,3.49,73.53,76.15
2026-07-08,1164,10,1.04,0.98,32.03,30.18
2026-07-04,1109,20,4.79,4.66,106.91,104.01
2026-07-08,1109,20,5.44,4.36,121.42,97.32
2026-07-30,1111,40,5.28,4.62,148.0,129.5
2026-07-29,1127,40,5.9,6.34,158.83,170.67
2026-07-02,1128,10,3.21,3.56,104.9,116.34
2026-07-29,1134,30,1.85,1.96,37.24,39.45
2026-07-11,1138,30,6.55,5.85,168.33,150.34
2026-07-10,1144,10,4.36,4.71,76.65,82.8
2026-07-25,1152,10,5.38,4.96,172.05,158.62
2026-07-13,1157,20,3.38,3.3,28.43,27.75
2026-07-17,1164,10,0.98,0.83,30.18,25.56
2026-07-25,1164,10,0.89,1.01,27.41,31.11
2026-07-10,1165,20,3.66,4.08,57.35,63.93
2026-07-01,1167,40,4.39,5.3,86.97,104.99
2026-07-15,1004,20,2.0,2.0,50.0,50.0
2026-07-10,1109,20,4.62,4.12,103.12,91.96
2026-07-09,1116,10,5.42,5.41,121.35,121.13
2026-07-15,1123,40,5.49,5.08,157.84,146.05
2026-07-13,1124,10,1.84,1.58,50.42,43.29
2026-07-17,1138,30,4.48,5.22,115.14,134.15
2026-07-05,1142,30,,4.62,,45.37
2026-07-23,1147,40,3.88,3.51,106.86,96.67
2026-07-12,1158,30,,1.38,,18.11
2026-07-29,1160,10,1.41,1.53,48.72,52.86
2026-07-24,1167,40,4.41,4.99,87.36,98.85
2026-07-21,1168,10,4.92,4.91,42.8,42.72
2026-07-31,1168,10,6.28,5.81,54.64,50.55
2026-07-09,1170,30,4.01,4.9,74.06,90.5
2026-07-26,1108,10,3.19,3.26,38.5,39.35
2026-07-13,1111,40,3.38,4.1,94.74,114.92
2026-07-10,1126,30,,3.09,,67.05
2026-07-07,1130,30,1.74,2.17,57.25,71.39
2026-07-03,1132,10,3.34,3.71,93.12,103.43
2026-07-13,1144,10,5.25,4.34,92.29,76.3
2026-07-07,1145,20,2.34,2.16,72.49,66.92
2026-07-13,1148,10,5.73,4.68,130.99,106.98
2026-07-23,1153,20,6.89,5.95,67.25,58.07
2026-07-24,1159,40,3.35,3.39,55.78,56.44
2026-07-21,1160,10,1.33,1.26,45.95,43.53
2026-07-05,1164,10,1.08,1.04,33.26,32.03
2026-07-30,1007,10,2.0,2.0,40.0,40.0
2026-07-11,1101,20,7.01,6.2,109.01,96.41
2026-07-31,1102,30,3.41,3.04,35.98,32.07
2026-07-23,1121,20,5.16,5.06,168.84,165.56
2026-07-15,1125,20,4.77,4.29,48.22,43.37
2026-07-28,1140,10,0.86,0.71,12.69,10.48
2026-07-31,1148,10,6.73,5.58,153.85,127.56
2026-07-14,1154,30,1.95,2.12,20.14,21.9
2026-07-11,1156,10,4.52,4.34,126.29,121.26
2026-07-07,1157,20,3.35,3.83,28.17,32.21
2026-07-11,1157,20,4.05,3.51,34.06,29.52
2026-07-07,1007,10,2.0,2.0,40.0,40.0
2026-07-16,1002,10,1.5,1.2,45.0,36.0
2026-07-12,1107,40,2.12,2.02,23.83,22.7
2026-07-07,1120,10,0.66,0.78,20.55,24.28
2026-07-08,1122,30,5.75,5.59,77.34,75.19
2026-07-08,1129,20,4.57,3.82,83.72,69.98
2026-07-09,1133,20,1.64,1.9,49.97,57.89
2026-07-23,1146,30,3.27,3.86,35.05,41.38
2026-07-19,1149,20,0.0,0.0,0.0,0.0
2026-07-13,1158,30,,1.34,,17.58
2026-07-17,1158,30,,1.27,,16.66
2026-07-22,1158,30,,1.39,,18.24
2026-07-18,1164,10,0.72,0.84,22.18,25.87
2026-07-22,1169,20,0.65,0.65,20.65,20.65
2026-07-26,1004,20,2.0,2.0,50.0,50.0
2026-07-19,1101,20,4.76,5.22,74.02,81.17
2026-07-03,1124,10,2.08,1.95,56.99,53.43
2026-07-25,1133,20,1.82,1.92,55.46,58.5
2026-07-30,1136,10,0.86,0.78,23.81,21.6
2026-07-28,1141,20,1.72,1.74,31.15,31.51
2026-07-24,1152,10,4.31,4.82,137.83,154.14
2026-07-15,1158,30,,1.29,,16.92
2026-07-20,1169,20,0.67,0.61,21.29,19.38
2026-07-01,1100,10,3.02,3.73,55.3,68.3
2026-07-31,1101,20,7.56,6.64,117.56,103.25
2026-07-06,1106,30,6.21,6.37,70.86,72.68
2026-07-01,1107,40,2.47,2.17,27.76,24.39
2026-07-03,1111,40,5.31,4.49,148.84,125.85
2026-07-12,1116,10,5.38,5.03,120.46,112.62
2026-07-25,1116,10,5.27,4.93,118.0,110.38
2026-07-21,1121,20,5.17,4.83,169.16,158.04
2026-07-06,1125,20,5.33,4.99,53.89,50.45
2026-07-07,1128,10,4.1,3.53,133.99,115.36
2026-07-01,1135,40,2.59,2.93,37.01,41.87
2026-07-04,1150,30,2.59,2.95,66.28,75.49
2026-07-12,1156,10,4.48,4.22,125.17,117.91
2026-07-02,1162,30,0.99,1.0,22.87,23.1
2026-07-12,1168,10,4.84,5.01,42.11,43.59
2026-07-14,1170,30,4.6,4.36,84.96,80.53
2026-07-07,1103,40,0.79,0.74,26.15,24.49
2026-07-04,1105,20,3.75,4.36,84.26,97.97
2026-07-25,1107,40,2.02,2.1,22.7,23.6
2026-07-12,1119,40,4.98,4.96,109.81,109.37
2026-07-20,1126,30,,2.55,,55.33
2026-07-31,1131,40,3.57,3.46,79.75,77.3
2026-07-18,1133,20,1.71,1.61,52.1,49.06
2026-07-04,1135,40,3.32,3.17,47.44,45.3
2026-07-24,1135,40,3.03,2.75,43.3,39.3
2026-07-05,1152,10,5.55,5.42,177.49,173.33
2026-07-10,1160,10,1.66,1.55,57.35,53.55
2026-07-26,1161,20,1.36,1.51,42.32,46.99
2026-07-03,1168,10,5.51,5.83,47.94,50.72
2026-07-23,1100,10,2.88,3.41,52.73,62.44
2026-07-09,1107,40,2.38,2.2,26.75,24.73
2026-07-14,1110,30,,5.51,,109.37
2026-07-30,1123,40,6.92,6.37,198.95,183.14
2026-07-22,1126,30,,2.64,,57.29
2026-07-30,1127,40,5.3,6.38,142.68,171.75
2026-07-11,1136,10,0.89,0.73,24.64,20.21
2026-07-31,1158,30,,1.6,,20.99
2026-07-26,1159,40,3.44,3.54,57.28,58.94
2026-07-29,1161,20,1.93,1.62,60.06,50.41
2026-07-21,1167,40,5.03,4.59,99.64,90.93
2026-07-03,1001,20,1.0,1.0,22.0,22.0
2026-07-05,1108,10,3.94,3.38,47.56,40.8
2026-07-31,1113,20,0.0,0.0,0.0,0.0
2026-07-03,1118,30,5.16,5.67,177.5,195.05
2026-07-10,1121,20,6.22,5.78,203.52,189.12
2026-07-20,1124,10,2.03,1.63,55.62,44.66
2026-07-05,1126,30,,3.21,,69.66
2026-07-13,1133,20,1.37,1.7,41.74,51.8
2026-07-29,1139,40,7.77,6.34,181.66,148.23
2026-07-27,1141,20,1.93,1.7,34.95,30.79
2026-07-08,1142,30,,4.52,,44.39
2026-07-21,1101,20,5.77,5.32,89.72,82.73
2026-07-13,1109,20,4.69,3.79,104.68,84.59
2026-07-17,1109,20,4.28,3.69,95.53,82.36
2026-07-09,1120,10,0.96,0.78,29.88,24.28
2026-07-12,1126,30,,2.93,,63.58
2026-07-27,1129,20,4.4,4.06,80.61,74.38
2026-07-12,1132,10,3.96,3.33,110.4,92.84
2026-07-21,1132,10,2.79,3.08,77.79,85.87
2026-07-18,1136,10,0.51,0.62,14.12,17.17
2026-07-03,1146,30,4.08,4.45,43.74,47.7
2026-07-15,1156,10,3.86,3.87,107.85,108.13
2026-07-02,1157,20,3.18,3.73,26.74,31.37
2026-07-27,1159,40,3.69,3.58,61.44,59.61
2026-07-15,1164,10,0.85,0.83,26.18,25.56
2026-07-31,1166,30,5.13,5.53,159.8,172.26
2026-07-15,1169,20,0.71,0.57,22.56,18.11
2026-07-31,1100,10,3.34,4.15,61.16,75.99
2026-07-19,1104,10,2.84,3.27,77.19,88.88
2026-07-20,1108,10,2.7,2.76,32.59,33.31
2026-07-23,1114,30,2.58,2.4,33.0,30.7
2026-07-10,1115,40,6.05,5.73,209.33,198.26
2026-07-16,1119,40,5.36,4.69,118.19,103.41
2026-07-14,1123,40,5.99,5.17,172.21,148.64
2026-07-10,1134,30,1.77,1.73,35.63,34.82
2026-07-10,1155,40,5.33,5.85,123.12,135.13
2026-07-03,1161,20,1.84,1.59,57.26,49.48
2026-07-14,1167,40,5.83,4.67,115.49,92.51
2026-07-07,1168,10,5.12,5.72,44.54,49.76
2026-07-16,1112,10,1.15,1.22,36.14,38.34
2026-07-31,1112,10,1.37,1.53,43.06,48.09
2026-07-16,1117,20,2.56,2.12,78.05,64.64
2026-07-05,1118,30,4.73,5.69,162.71,195.74
2026-07-01,1121,20,6.15,5.55,201.23,181.6
2026-07-16,1138,30,4.97,5.23,127.73,134.41
2026-07-11,1145,20,2.09,2.07,64.75,64.13
2026-07-06,1162,30,0.95,1.03,21.95,23.79
2026-07-14,1162,30,0.8,0.86,18.48,19.87
2026-07-17,1162,30,0.82,0.81,18.94,18.71
2026-07-25,1163,40,3.86,3.8,84.23,82.92
2026-07-15,1165,20,3.65,3.57,57.2,55.94
2026-07-19,1165,20,3.09,3.29,48.42,51.55
2026-07-16,1003,10,2.0,2.0,20.0,20.0
2026-07-17,1003,10,2.0,2.0,20.0,20.0
2026-07-13,1100,10,4.07,3.79,74.52,69.39
2026-07-22,1118,30,5.8,4.92,199.52,169.25
2026-07-01,1125,20,4.52,4.48,45.7,45.29
2026-07-15,1128,10,2.69,2.88,87.91,94.12
2026-07-28,1129,20,4.41,4.09,80.79,74.93
2026-07-12,1140,10,0.77,0.7,11.37,10.33
2026-07-14,1148,10,4.54,4.56,103.78,104.24
2026-07-21,1161,20,1.62,1.32,50.41,41.08
2026-07-10,1163,40,4.21,3.67,91.86,80.08
2026-07-11,1105,20,3.56,4.32,79.99,97.07
2026-07-16,1108,10,2.47,2.67,29.81,32.23
2026-07-07,1112,10,1.26,1.52,39.6,47.77
2026-07-23,1113,20,0.0,0.0,0.0,0.0
2026-07-30,1146,30,4.27,4.57,45.77,48.99
2026-07-20,1158,30,,1.32,,17.32
2026-07-08,1167,40,4.89,5.48,96.87,108.56
2026-07-02,1170,30,5.0,4.55,92.35,84.04
2026-07-23,1171,40,1.52,1.51,46.24,45.93
2026-07-24,1104,10,4.56,3.76,123.94,102.2
2026-07-07,1108,10,3.36,3.3,40.56,39.83
2026-07-06,1115,40,5.38,5.84,186.15,202.06
2026-07-03,1126,30,,3.12,,67.7
2026-07-12,1129,20,3.05,3.4,55.88,62.29
2026-07-20,1132,10,3.63,3.02,101.2,84.2
2026-07-21,1135,40,2.89,2.59,41.3,37.01
2026-07-19,1137,20,2.31,2.23,30.45,29.39
2026-07-14,1141,20,1.33,1.54,24.09,27.89
2026-07-05,1151,40,4.05,4.51,96.75,107.74
2026-07-10,1153,20,6.43,6.07,62.76,59.24
2026-07-11,1163,40,3.15,3.56,68.73,77.68
2026-07-01,1007,10,2.0,2.0,40.0,40.0
2026-07-08,1106,30,5.25,6.31,59.9,72.0
2026-07-05,1115,40,5.46,5.77,188.92,199.64
2026-07-10,1119,40,6.42,5.26,141.56,115.98
2026-07-29,1124,10,2.13,1.95,58.36,53.43
2026-07-02,1127,40,5.32,6.17,143.21,166.1
2026-07-09,1129,20,3.81,3.71,69.8,67.97
2026-07-03,1130,30,2.12,2.05,69.75,67.44
2026-07-22,1136,10,0.58,0.64,16.06,17.72
2026-07-05,1138,30,5.33,6.63,136.98,170.39
2026-07-06,1138,30,6.59,6.58,169.36,169.11
2026-07-29,1148,10,5.55,5.62,126.87,128.47
2026-07-24,1153,20,6.9,6.12,67.34,59.73
2026-07-28,1155,40,4.74,5.64,109.49,130.28
2026-07-25,1002,10,1.5,1.2,45.0,36.0
2026-07-22,1114,30,2.54,2.33,32.49,29.8
2026-07-28,1114,30,2.43,2.62,31.08,33.51
2026-07-09,1122,30,6.33,5.48,85.14,73.71
2026-07-09,1165,20,4.93,4.14,77.25,64.87
2026-07-08,1007,10,2.0,2.0,40.0,40.0
2026-07-06,1100,10,3.61,4.15,66.1,75.99
2026-07-12,1104,10,3.51,3.33,95.4,90.51
2026-07-30,1107,40,2.24,2.29,25.18,25.74
2026-07-12,1109,20,3.93,3.88,87.72,86.6
2026-07-14,1109,20,3.02,3.72,67.41,83.03
2026-07-15,1112,10,1.29,1.25,40.54,39.29
2026-07-11,1122,30,4.89,5.2,65.77,69.94
2026-07-16,1123,40,4.18,5.02,120.17,144.32
2026-07-27,1124,10,2.34,1.94,64.12,53.16
2026-07-24,1125,20,3.63,4.21,36.7,42.56
2026-07-16,1126,30,,2.62,,56.85
2026-07-10,1131,40,4.08,3.31,91.15,73.95
2026-07-05,1140,10,0.84,0.74,12.4,10.92
2026-07-24,1140,10,0.57,0.63,8.41,9.3
2026-07-15,1154,30,2.3,2.1,23.76,21.69
2026-07-13,1155,40,5.01,5.44,115.73,125.66
2026-07-05,1162,30,0.9,1.03,20.79,23.79
2026-07-30,1162,30,0.96,1.03,22.18,23.79
2026-07-19,1167,40,3.93,4.43,77.85,87.76
2026-07-31,1003,10,2.0,2.0,20.0,20.0
2026-07-04,1124,10,1.6,1.95,43.84,53.43
2026-07-19,1132,10,2.62,2.98,73.05,83.08
2026-07-27,1135,40,2.52,3.01,36.01,43.01
2026-07-23,1140,10,0.73,0.61,10.77,9.0
2026-07-01,1159,40,3.98,3.55,66.27,59.11
2026-07-22,1164,10,0.96,0.94,29.57,28.95
2026-07-24,1165,20,4.35,3.5,68.16,54.84
2026-07-28,1168,10,6.3,5.82,54.81,50.63
2026-07-08,1004,20,2.0,2.0,50.0,50.0
2026-07-07,1118,30,4.54,5.57,156.18,191.61
2026-07-08,1121,20,5.92,5.98,193.7,195.67
2026-07-19,1131,40,2.95,2.72,65.9,60.76
2026-07-26,1142,30,,4.35,,42.72
2026-07-18,1153,20,4.46,5.28,43.53,51.53
2026-07-28,1164,10,0.89,1.05,27.41,32.34
2026-07-11,1169,20,0.73,0.62,23.19,19.7
2026-07-17,1005,10,,3.0,,75.0
2026-07-29,1007,10,2.0,2.0,40.0,40.0
2026-07-06,1108,10,4.14,3.35,49.97,40.43
2026-07-07,1110,30,,6.25,,124.06
2026-07-19,1111,40,4.5,3.65,126.14,102.31
2026-07-22,1111,40,3.5,3.8,98.11,106.51
2026-07-01,1118,30,6.71,5.51,230.82,189.54
2026-07-11,1119,40,4.29,5.11,94.59,112.68
2026-07-02,1121,20,6.63,5.7,216.93,186.5
2026-07-31,1122,30,6.64,5.72,89.31,76.93
2026-07-13,1125,20,4.3,4.56,43.47,46.1
2026-07-13,1131,40,2.62,3.05,58.53,68.14
2026-07-31,1142,30,,4.62,,45.37
2026-07-14,1149,20,0.0,0.0,0.0,0.0
2026-07-18,1149,20,0.0,0.0,0.0,0.0
2026-07-26,1164,10,1.18,1.03,36.34,31.72
2026-07-18,1168,10,4.86,4.63,42.28,40.28
2026-07-08,1169,20,0.68,0.68,21.6,21.6
2026-07-22,1171,40,1.46,1.47,44.41,44.72
2026-07-05,1105,20,5.33,4.44,119.77,99.77
2026-07-03,1119,40,7.28,5.97,160.52,131.64
2026-07-02,1132,10,4.13,3.65,115.14,101.76
2026-07-17,1133,20,1.57,1.6,47.84,48.75
2026-07-27,1139,40,5.32,6.31,124.38,147.53
2026-07-15,1140,10,0.54,0.64,7.97,9.45
2026-07-15,1143,40,4.98,4.86,170.22,166.11
2026-07-05,1144,10,6.1,5.29,107.24,93.0
2026-07-07,1159,40,3.7,3.45,61.6,57.44
2026-07-05,1166,30,5.7,5.5,177.56,171.32
2026-07-07,1006,10,0.0,0.0,0.0,0.0
2026-07-25,1007,10,2.0,2.0,40.0,40.0
2026-07-04,1111,40,4.94,4.57,138.47,128.1
2026-07-02,1134,30,1.84,1.95,37.04,39.25
2026-07-30,1148,10,4.54,5.62,103.78,128.47
2026-07-12,1150,30,3.55,2.86,90.84,73.19
2026-07-26,1156,10,3.73,4.26,104.22,119.02
2026-07-20,1157,20,2.71,3.09,22.79,25.99
2026-07-17,1163,40,3.29,3.18,71.79,69.39
2026-07-27,1002,10,1.5,1.2,45.0,36.0
2026-07-28,1106,30,6.13,6.14,69.94,70.06
2026-07-19,1112,10,1.35,1.21,42.43,38.03
2026-07-27,1123,40,6.2,6.25,178.25,179.69
2026-07-31,1126,30,,3.22,,69.87
2026-07-07,1127,40,6.3,6.32,169.6,170.13
2026-07-11,1137,20,2.4,2.56,31.63,33.74
2026-07-16,1139,40,5.31,4.99,124.15,116.67
2026-07-18,1151,40,3.64,3.57,86.96,85.29
2026-07-09,1160,10,1.8,1.57,62.19,54.24
2026-07-19,1168,10,4.38,4.69,38.11,40.8
2026-07-26,1169,20,0.85,0.71,27.0,22.56
2026-07-13,1002,10,1.5,1.2,45.0,36.0
2026-07-07,1101,20,5.87,6.63,91.28,103.1
2026-07-22,1102,30,2.19,2.55,23.1,26.9
2026-07-18,1103,40,0.49,0.6,16.22,19.86
2026-07-04,1104,10,4.11,3.99,111.71,108.45
2026-07-28,1104,10,4.37,4.0,118.78,108.72
2026-07-23,1111,40,3.47,3.9,97.26,109.32
2026-07-10,1112,10,1.67,1.43,52.49,44.94
2026-07-03,1115,40,5.6,5.54,193.76,191.68
2026-07-31,1125,20,5.04,4.98,50.95,50.35
2026-07-22,1130,30,1.92,1.74,63.17,57.25
2026-07-26,1130,30,1.96,1.93,64.48,63.5
2026-07-30,1131,40,3.75,3.44,83.78,76.85
2026-07-26,1132,10,3.64,3.55,101.48,98.97
2026-07-04,1138,30,7.39,6.64,189.92,170.65
2026-07-24,1141,20,1.49,1.56,26.98,28.25
2026-07-09,1149,20,0.0,0.0,0.0,0.0
2026-07-04,1152,10,4.82,5.39,154.14,172.37
2026-07-02,1161,20,1.52,1.55,47.3,48.24
2026-07-04,1164,10,1.3,1.05,40.04,32.34
2026-07-24,1001,10,4.0,3.0,80.0,60.0
2026-07-20,1102,30,2.05,2.44,21.63,25.74
2026-07-10,1125,20,4.38,4.9,44.28,49.54
2026-07-20,1131,40,2.35,2.73,52.5,60.99
2026-07-09,1138,30,5.85,6.2,150.34,159.34
2026-07-27,1147,40,3.5,3.92,96.39,107.96
2026-07-27,1153,20,7.81,6.56,76.23,64.03
2026-07-25,1154,30,2.76,2.57,28.51,26.55
2026-07-14,1156,10,4.87,3.98,136.07,111.2
2026-07-22,1159,40,2.67,3.21,44.46,53.45
2026-07-12,1164,10,0.86,0.88,26.49,27.1
2026-07-13,1001,10,4.0,3.0,80.0,60.0
2026-07-21,1105,20,4.43,3.57,99.54,80.22
2026-07-21,1108,10,2.91,2.84,35.12,34.28
2026-07-16,1114,30,1.87,2.06,23.92,26.35
2026-07-06,1132,10,4.01,3.77,111.8,105.11
2026-07-07,1144,10,5.83,5.11,102.49,89.83
2026-07-01,1149,20,0.0,0.0,0.0,0.0
2026-07-18,1150,30,2.65,2.44,67.81,62.44
2026-07-11,1171,40,1.59,1.68,48.37,51.11
2026-07-01,1002,10,1.5,1.2,45.0,36.0
2026-07-01,1005,10,,3.0,,75.0
2026-07-08,1118,30,4.76,5.46,163.74,187.82
2026-07-07,1119,40,5.15,5.71,113.56,125.91
2026-07-15,1122,30,4.98,4.65,66.98,62.54
2026-07-07,1123,40,7.73,6.22,222.24,178.82
2026-07-14,1126,30,,2.76,,59.89
2026-07-17,1136,10,0.55,0.62,15.23,17.17
2026-07-03,1140,10,0.78,0.71,11.51,10.48
2026-07-14,1158,30,,1.31,,17.19
2026-07-29,1159,40,4.49,3.6,74.76,59.94
2026-07-02,1006,10,0.0,0.0,0.0,0.0
2026-07-09,1106,30,6.96,6.22,79.41,70.97
2026-07-13,1108,10,3.35,2.81,40.43,33.92
2026-07-19,1115,40,4.82,4.63,166.77,160.2
2026-07-31,1130,30,2.11,2.16,69.42,71.06
2026-07-07,1131,40,3.45,3.45,77.07,77.07
2026-07-28,1134,30,2.36,1.96,47.51,39.45
2026-07-03,1142,30,,4.55,,44.68
2026-07-19,1144,10,4.44,4.37,78.06,76.82
2026-07-14,1165,20,3.52,3.68,55.16,57.67
2026-07-04,1110,30,,6.04,,119.89
2026-07-10,1120,10,0.65,0.77,20.23,23.97
2026-07-06,1122,30,5.04,5.71,67.79,76.8
2026-07-11,1135,40,2.95,3.14,42.16,44.87
2026-07-17,1135,40,3.16,2.66,45.16,38.01
2026-07-31,1139,40,6.55,6.21,153.14,145.19
2026-07-12,1142,30,,4.08,,40.07
2026-07-30,1142,30,,4.62,,45.37
2026-07-22,1146,30,3.93,3.76,42.13,40.31
2026-07-04,1171,40,2.04,1.77,62.06,53.84
2026-07-18,1004,20,2.0,2.0,50.0,50.0
2026-07-30,1006,10,0.0,0.0,0.0,0.0
2026-07-29,1106,30,7.12,6.25,81.24,71.31
2026-07-17,1110,30,,5.07,,100.64
2026-07-08,1127,40,6.69,6.23,180.09,167.71
2026-07-15,1145,20,2.24,1.85,69.4,57.31
2026-07-08,1146,30,5.64,4.56,60.46,48.88
2026-07-09,1150,30,3.18,3.03,81.38,77.54
2026-07-14,1150,30,2.22,2.69,56.81,68.84
2026-07-19,1155,40,5.43,4.72,125.43,109.03
2026-07-19,1171,40,1.48,1.42,45.02,43.2
2026-07-24,1005,10,,3.0,,75.0
2026-07-21,1119,40,5.48,5.15,120.83,113.56
2026-07-07,1125,20,5.08,5.02,51.36,50.75
2026-07-11,1147,40,3.61,3.69,99.42,101.62
2026-07-26,1148,10,5.0,5.42,114.3,123.9
2026-07-19,1151,40,3.98,3.56,95.08,85.05
2026-07-01,1165,20,4.08,3.73,63.93,58.45
2026-07-04,1165,20,3.54,4.04,55.47,63.31
2026-07-13,1171,40,1.46,1.59,44.41,48.37
2026-07-20,1005,10,,3.0,,75.0
2026-07-27,1005,10,,3.0,,75.0
2026-07-03,1105,20,4.18,4.26,93.92,95.72
2026-07-28,1109,20,5.2,4.67,116.06,104.23
2026-07-30,1113,20,0.0,0.0,0.0,0.0
2026-07-29,1123,40,5.66,6.37,162.72,183.14
2026-07-19,1141,20,1.76,1.42,31.87,25.72
2026-07-07,1155,40,5.71,5.99,131.9,138.37
2026-07-21,1165,20,4.0,3.3,62.68,51.71
2026-07-20,1001,10,4.0,3.0,80.0,60.0
2026-07-04,1106,30,7.48,6.26,85.35,71.43
2026-07-10,1107,40,1.84,2.14,20.68,24.05
2026-07-18,1125,20,4.47,4.0,45.19,40.44
2026-07-23,1135,40,2.78,2.68,39.73,38.3
2026-07-09,1140,10,0.69,0.74,10.18,10.92
2026-07-18,1140,10,0.7,0.6,10.33,8.86
2026-07-14,1143,40,4.58,4.96,156.54,169.53
2026-07-21,1144,10,3.89,4.61,68.39,81.04
2026-07-22,1147,40,3.16,3.41,87.03,93.91
2026-07-25,1148,10,6.47,5.29,147.9,120.93
2026-07-27,1152,10,4.73,5.22,151.27,166.94
2026-07-18,1158,30,,1.27,,16.66
2026-07-07,1161,20,1.86,1.64,57.88,51.04
2026-07-22,1162,30,1.03,0.86,23.79,19.87
2026-07-04,1002,10,1.5,1.2,45.0,36.0
2026-07-04,1101,20,6.83,6.53,106.21,101.54
2026-07-30,1103,40,0.91,0.76,30.12,25.16
2026-07-18,1105,20,4.09,3.6,91.9,80.89
2026-07-10,1111,40,3.93,4.45,110.16,124.73
2026-07-09,1112,10,1.26,1.47,39.6,46.2
2026-07-21,1115,40,5.4,4.64,186.84,160.54
2026-07-29,1118,30,5.69,5.7,195.74,196.08
2026-07-16,1120,10,0.63,0.65,19.61,20.23
2026-07-23,1132,10,3.12,3.26,86.99,90.89
2026-07-12,1135,40,3.82,3.06,54.59,43.73
2026-07-12,1136,10,0.81,0.71,22.43,19.66
2026-07-04,1137,20,2.61,2.81,34.4,37.04
2026-07-01,1139,40,5.25,6.24,122.74,145.89
2026-07-28,1143,40,7.57,6.06,258.74,207.13
2026-07-27,1148,10,5.89,5.52,134.65,126.19
2026-07-12,1153,20,6.71,5.72,65.49,55.83
2026-07-19,1156,10,3.68,3.65,102.82,101.98
2026-07-29,1101,20,6.95,6.52,108.07,101.39
2026-07-23,1102,30,3.2,2.63,33.76,27.75
2026-07-10,1117,20,2.57,2.48,78.36,75.62
2026-07-26,1117,20,2.31,2.5,70.43,76.22
2026-07-13,1151,40,3.48,4.0,83.14,95.56
2026-07-15,1151,40,4.48,3.77,107.03,90.07
2026-07-16,1167,40,5.15,4.47,102.02,88.55
2026-07-28,1003,10,2.0,2.0,20.0,20.0
2026-07-20,1103,40,0.76,0.62,25.16,20.52
2026-07-06,1107,40,2.44,2.29,27.43,25.74
2026-07-06,1109,20,5.66,4.56,126.33,101.78
2026-07-11,1109,20,3.68,3.99,82.14,89.06
2026-07-29,1135,40,3.09,3.16,44.16,45.16
2026-07-17,1139,40,4.41,5.02,103.11,117.37
2026-07-16,1145,20,1.74,1.8,53.91,55.76
2026-07-08,1151,40,4.17,4.49,99.62,107.27
2026-07-15,1153,20,5.82,5.33,56.8,52.02
2026-07-23,1005,10,,3.0,,75.0
2026-07-28,1007,10,2.0,2.0,40.0,40.0
2026-07-28,1101,20,6.69,6.4,104.03,99.52
2026-07-03,1106,30,7.56,6.16,86.26,70.29
2026-07-21,1107,40,1.85,1.88,20.79,21.13
2026-07-15,1108,10,3.07,2.7,37.05,32.59
2026-07-14,1115,40,5.82,5.17,201.37,178.88
2026-07-31,1121,20,4.86,6.03,159.02,197.3
2026-07-26,1133,20,1.93,1.96,58.81,59.72
2026-07-15,1139,40,4.63,5.0,108.25,116.9
2026-07-25,1139,40,6.82,6.12,159.45,143.09
2026-07-23,1141,20,1.43,1.51,25.9,27.35
2026-07-31,1146,30,3.75,4.6,40.2,49.31
2026-07-07,1154,30,2.18,2.55,22.52,26.34
2026-07-02,1158,30,,1.59,,20.86
2026-07-27,1161,20,1.28,1.55,39.83,48.24
2026-07-31,1162,30,1.2,1.03,27.72,23.79
2026-07-16,1165,20,3.61,3.47,56.57,54.37
2026-07-30,1169,20,0.82,0.72,26.05,22.87
2026-07-16,1171,40,1.38,1.46,41.98,44.41
2026-07-05,1006,10,0.0,0.0,0.0,0.0
2026-07-08,1006,10,0.0,0.0,0.0,0.0
2026-07-14,1001,20,1.0,1.0,22.0,22.0
2026-07-14,1004,20,2.0,2.0,50.0,50.0
2026-07-08,1101,20,7.93,6.58,123.31,102.32
2026-07-23,1115,40,4.99,4.8,172.65,166.08
2026-07-23,1116,10,4.89,4.65,109.49,104.11
2026-07-05,1124,10,2.38,1.93,65.21,52.88
2026-07-05,1143,40,5.27,6.09,180.13,208.16
2026-07-26,1147,40,3.73,3.83,102.72,105.48
2026-07-12,1149,20,0.0,0.0,0.0,0.0
2026-07-20,1149,20,0.0,0.0,0.0,0.0
2026-07-12,1154,30,2.08,2.22,21.49,22.93
2026-07-30,1161,20,1.98,1.64,61.62,51.04
2026-07-02,1171,40,1.39,1.7,42.28,51.71
2026-07-07,1102,30,3.26,3.02,34.39,31.86
2026-07-27,1109,20,5.05,4.64,112.72,103.56
2026-07-17,1118,30,5.2,4.48,178.88,154.11
2026-07-08,1119,40,4.87,5.57,107.38,122.82
2026-07-20,1121,20,3.91,4.77,127.94,156.07
2026-07-08,1128,10,2.82,3.46,92.16,113.07
2026-07-23,1128,10,3.95,3.22,129.09,105.23
2026-07-31,1129,20,4.88,4.0,89.4,73.28
2026-07-24,1133,20,2.15,1.87,65.51,56.98
2026-07-17,1140,10,0.69,0.61,10.18,9.0
2026-07-19,1143,40,5.65,4.89,193.12,167.14
2026-07-26,1145,20,2.34,1.92,72.49,59.48
2026-07-06,1149,20,0.0,0.0,0.0,0.0
2026-07-30,1168,10,6.51,5.85,56.64,50.89
2026-07-04,1003,10,2.0,2.0,20.0,20.0
2026-07-06,1001,10,4.0,3.0,80.0,60.0
2026-07-17,1004,20,2.0,2.0,50.0,50.0
2026-07-25,1101,20,6.06,5.91,94.23,91.9
2026-07-26,1103,40,0.72,0.73,23.83,24.16
2026-07-31,1108,10,3.87,3.35,46.71,40.43
2026-07-19,1109,20,4.68,3.82,104.46,85.26
2026-07-14,1122,30,5.65,4.76,75.99,64.02
2026-07-16,1128,10,2.54,2.85,83.01,93.14
2026-07-26,1131,40,3.29,3.17,73.5,70.82
2026-07-12,1147,40,3.39,3.58,93.36,98.59
2026-07-17,1152,10,4.48,4.27,143.27,136.55
2026-07-09,1168,10,5.4,5.47,46.98,47.59
2026-07-19,1169,20,0.61,0.59,19.38,18.74
2026-07-02,1003,10,2.0,2.0,20.0,20.0
2026-07-05,1003,10,2.0,2.0,20.0,20.0
2026-07-24,1116,10,5.12,4.78,114.64,107.02
2026-07-12,1123,40,6.78,5.45,194.93,156.69
2026-07-18,1123,40,5.69,5.04,163.59,144.9
2026-07-23,1127,40,5.21,5.51,140.25,148.33
2026-07-16,1129,20,2.8,3.21,51.3,58.81
2026-07-03,1145,20,2.45,2.04,75.9,63.2
2026-07-20,1159,40,3.36,3.02,55.94,50.28
2026-07-12,1166,30,4.5,5.02,140.17,156.37
2026-07-02,1005,10,,3.0,,75.0
2026-07-22,1004,20,2.0,2.0,50.0,50.0
2026-07-09,1100,10,4.39,4.14,80.38,75.8
2026-07-23,1107,40,1.98,1.98,22.26,22.26
2026-07-21,1110,30,,4.94,,98.06
2026-07-10,1113,20,0.0,0.0,0.0,0.0
2026-07-15,1116,10,5.02,4.61,112.4,103.22
2026-07-23,1120,10,0.62,0.64,19.3,19.92
2026-07-16,1122,30,4.93,4.56,66.31,61.33
2026-07-26,1127,40,5.2,6.01,139.98,161.79
2026-07-08,1131,40,3.75,3.43,83.78,76.63
2026-07-04,1147,40,5.02,4.04,138.25,111.26
2026-07-30,1151,40,5.47,4.51,130.68,107.74
2026-07-22,1152,10,4.65,4.54,148.71,145.19
2026-07-16,1153,20,4.87,5.27,47.53,51.44
2026-07-02,1155,40,5.66,5.51,130.75,127.28
2026-07-17,1161,20,1.46,1.31,45.44,40.77
2026-07-04,1163,40,4.24,4.04,92.52,88.15
2026-07-14,1163,40,3.15,3.28,68.73,71.57
2026-07-16,1163,40,3.49,3.19,76.15,69.61
2026-07-17,1167,40,4.87,4.42,96.47,87.56
2026-07-15,1002,10,1.5,1.2,45.0,36.0
2026-07-22,1003,10,2.0,2.0,20.0,20.0
2026-07-31,1004,20,2.0,2.0,50.0,50.0
2026-07-07,1100,10,4.7,4.18,86.06,76.54
2026-07-13,1107,40,1.99,1.96,22.37,22.03
2026-07-09,1111,40,4.6,4.54,128.94,127.26
2026-07-08,1112,10,1.81,1.5,56.89,47.14
2026-07-03,1114,30,3.16,2.62,40.42,33.51
2026-07-04,1114,30,2.52,2.62,32.23,33.51
2026-07-05,1119,40,5.54,5.91,122.16,130.32
2026-07-03,1133,20,1.96,2.03,59.72,61.85
2026-07-23,1134,30,1.99,1.8,40.06,36.23
2026-07-19,1135,40,2.45,2.59,35.01,37.01
2026-07-21,1146,30,3.69,3.69,39.56,39.56
2026-07-20,1148,10,5.48,4.59,125.27,104.93
2026-07-15,1152,10,5.41,4.4,173.01,140.71
2026-07-13,1153,20,5.29,5.56,51.63,54.27
2026-07-29,1154,30,2.77,2.66,28.61,27.48
2026-07-28,1156,10,4.11,4.48,114.83,125.17
2026-07-14,1168,10,5.36,4.76,46.63,41.41
2026-07-13,1007,10,2.0,2.0,40.0,40.0
2026-07-23,1101,20,4.74,5.57,73.71,86.61
2026-07-16,1111,40,3.73,3.77,104.55,105.67
2026-07-24,1118,30,5.44,5.22,187.14,179.57
2026-07-20,1125,20,4.26,3.94,43.07,39.83
2026-07-21,1130,30,1.4,1.72,46.06,56.59
2026-07-11,1141,20,2.09,1.68,37.85,30.42
2026-07-21,1141,20,1.24,1.44,22.46,26.08
2026-07-21,1143,40,6.03,5.12,206.11,175.0
2026-07-14,1147,40,3.51,3.38,96.67,93.09
2026-07-03,1150,30,3.3,2.89,84.45,73.96
2026-07-16,1150,30,2.04,2.54,52.2,65.0
2026-07-21,1154,30,2.72,2.3,28.1,23.76
2026-07-08,1157,20,3.63,3.77,30.53,31.71
2026-07-29,1163,40,4.51,4.04,98.41,88.15
2026-07-14,1006,10,0.0,0.0,0.0,0.0
2026-07-31,1106,30,7.41,6.37,84.55,72.68
2026-07-08,1111,40,5.72,4.6,160.33,128.94
2026-07-21,1118,30,4.01,4.78,137.94,164.43
2026-07-20,1137,20,2.57,2.26,33.87,29.79
2026-07-29,1138,30,7.16,6.64,184.01,170.65
2026-07-21,1152,10,3.8,4.43,121.52,141.67
2026-07-30,1152,10,4.82,5.42,154.14,173.33
2026-07-17,1153,20,5.05,5.25,49.29,51.24
2026-07-25,1156,10,4.51,4.13,126.01,115.39
2026-07-27,1165,20,4.75,3.83,74.43,60.02
2026-07-06,1167,40,5.67,5.6,112.32,110.94
2026-07-08,1116,10,5.23,5.49,117.1,122.92
2026-07-25,1119,40,5.93,5.75,130.76,126.79
2026-07-20,1123,40,5.33,5.21,153.24,149.79
2026-07-16,1125,20,3.52,4.17,35.59,42.16
2026-07-30,1126,30,,3.2,,69.44
2026-07-25,1128,10,3.7,3.4,120.92,111.11
2026-07-21,1153,20,6.1,5.61,59.54,54.75
2026-07-03,1154,30,2.89,2.66,29.85,27.48
2026-07-28,1154,30,2.96,2.66,30.58,27.48
2026-07-16,1169,20,0.54,0.57,17.16,18.11
2026-07-29,1102,30,2.64,3.03,27.85,31.97
2026-07-18,1108,10,3.24,2.67,39.11,32.23
2026-07-20,1115,40,4.94,4.61,170.92,159.51
2026-07-10,1116,10,6.24,5.31,139.71,118.89
2026-07-23,1130,30,1.88,1.78,61.85,58.56
2026-07-04,1157,20,4.16,3.84,34.99,32.29
2026-07-20,1164,10,0.85,0.88,26.18,27.1
2026-07-31,1164,10,1.03,1.03,31.72,31.72
2026-07-14,1104,10,3.09,3.19,83.99,86.7
2026-07-17,1104,10,3.71,3.16,100.84,85.89
2026-07-24,1114,30,2.38,2.47,30.44,31.59
2026-07-04,1116,10,5.54,5.45,124.04,122.03
2026-07-18,1117,20,1.82,2.09,55.49,63.72
2026-07-14,1118,30,4.62,4.63,158.93,159.27
2026-07-14,1127,40,6.46,5.31,173.9,142.95
2026-07-27,1133,20,1.7,2.0,51.8,60.94
2026-07-09,1139,40,6.19,5.77,144.72,134.9
2026-07-26,1143,40,5.71,5.88,195.17,200.98
2026-07-07,1147,40,4.14,4.03,114.02,110.99
2026-07-02,1156,10,4.89,4.39,136.63,122.66
2026-07-05,1156,10,3.74,4.62,104.5,129.08
2026-07-10,1156,10,3.58,4.45,100.03,124.33
2026-07-13,1162,30,0.9,0.88,20.79,20.33
2026-07-20,1170,30,3.71,3.89,68.52,71.85
2026-07-10,1171,40,1.74,1.73,52.93,52.63
2026-07-16,1007,10,2.0,2.0,40.0,40.0
2026-07-29,1103,40,0.74,0.76,24.49,25.16
2026-07-07,1109,20,5.13,4.47,114.5,99.77
2026-07-13,1110,30,,5.67,,112.55
2026-07-06,1111,40,4.01,4.65,112.4,130.34
2026-07-18,1119,40,4.88,4.78,107.6,105.4
2026-07-24,1119,40,6.14,5.62,135.39,123.92
2026-07-19,1123,40,5.09,5.1,146.34,146.62
2026-07-21,1127,40,4.47,5.22,120.33,140.52
2026-07-09,1158,30,,1.51,,19.81
2026-07-04,1170,30,4.31,4.78,79.61,88.29
2026-07-14,1002,10,1.5,1.2,45.0,36.0
2026-07-23,1002,10,1.5,1.2,45.0,36.0
2026-07-10,1100,10,4.9,4.08,89.72,74.7
2026-07-25,1103,40,0.65,0.72,21.52,23.83
2026-07-07,1105,20,4.51,4.51,101.34,101.34
2026-07-10,1106,30,6.61,6.1,75.42,69.6
2026-07-03,1113,20,0.0,0.0,0.0,0.0
2026-07-19,1117,20,2.62,2.1,79.88,64.03
2026-07-09,1128,10,3.41,3.38,111.44,110.46
2026-07-29,1129,20,3.42,4.08,62.65,74.75
2026-07-27,1154,30,2.61,2.65,26.96,27.37
2026-07-30,1165,20,4.36,4.1,68.32,64.25
2026-07-16,1166,30,3.7,4.49,115.25,139.86
2026-07-21,1007,10,2.0,2.0,40.0,40.0
2026-07-24,1007,10,2.0,2.0,40.0,40.0
2026-07-26,1005,10,,3.0,,75.0
2026-07-30,1102,30,3.39,3.04,35.76,32.07
2026-07-14,1106,30,6.72,5.45,76.68,62.18
2026-07-25,1118,30,6.24,5.36,214.66,184.38
2026-07-19,1119,40,4.66,4.88,102.75,107.6
2026-07-17,1126,30,,2.57,,55.77
2026-07-18,1128,10,3.34,2.86,109.15,93.46
2026-07-16,1131,40,3.38,2.81,75.51,62.78
2026-07-26,1135,40,3.21,2.92,45.87,41.73
2026-07-10,1150,30,3.13,2.98,80.1,76.26
2026-07-09,1156,10,5.27,4.54,147.24,126.85
2026-07-14,1159,40,3.29,2.87,54.78,47.79
2026-07-04,1162,30,0.89,1.02,20.56,23.56
2026-07-29,1001,20,1.0,1.0,22.0,22.0
2026-07-29,1006,10,0.0,0.0,0.0,0.0
2026-07-03,1101,20,5.88,6.42,91.43,99.83
2026-07-14,1102,30,2.32,2.53,24.48,26.69
2026-07-17,1102,30,2.09,2.4,22.05,25.32
2026-07-03,1104,10,3.87,4.0,105.19,108.72
2026-07-10,1123,40,7.17,5.79,206.14,166.46
2026-07-29,1144,10,4.56,5.34,80.16,93.88
2026-07-25,1147,40,4.28,3.72,117.87,102.45
2026-07-23,1158,30,,1.43,,18.76
2026-07-19,1161,20,1.53,1.29,47.61,40.14
2026-07-31,1170,30,5.15,4.92,95.12,90.87
2026-07-04,1001,10,4.0,3.0,80.0,60.0
2026-07-19,1004,20,2.0,2.0,50.0,50.0
2026-07-26,1101,20,5.47,6.08,85.06,94.54
2026-07-20,1104,10,3.76,3.35,102.2,91.05
2026-07-04,1108,10,2.79,3.38,33.68,40.8
2026-07-27,1111,40,4.59,4.37,128.66,122.49
2026-07-30,1125,20,4.18,4.92,42.26,49.74
2026-07-25,1127,40,6.46,5.85,173.9,157.48
2026-07-01,1146,30,4.3,4.23,46.1,45.35
2026-07-25,1153,20,7.51,6.29,73.3,61.39
2026-07-08,1155,40,7.32,5.98,169.09,138.14
2026-07-08,1161,20,2.02,1.63,62.86,50.73
2026-07-24,1105,20,3.8,3.78,85.39,84.94
2026-07-15,1107,40,1.6,1.86,17.98,20.91
2026-07-20,1112,10,1.44,1.23,45.26,38.66
2026-07-07,1117,20,2.9,2.63,88.42,80.19
2026-07-11,1140,10,0.82,0.72,12.1,10.63
2026-07-01,1144,10,6.07,5.25,106.71,92.29
2026-07-23,1145,20,2.0,1.77,61.96,54.83
2026-07-18,1147,40,3.31,3.19,91.16,87.85
2026-07-05,1155,40,5.83,5.89,134.67,136.06
2026-07-27,1155,40,4.43,5.49,102.33,126.82
2026-07-02,1168,10,7.11,5.76,61.86,50.11
2026-07-05,1005,10,,3.0,,75.0
2026-07-31,1110,30,,6.21,,123.27
2026-07-02,1113,20,0.0,0.0,0.0,0.0
2026-07-03,1117,20,2.73,2.61,83.24,79.58
2026-07-03,1120,10,0.62,0.74,19.3,23.04
2026-07-06,1120,10,0.81,0.78,25.22,24.28
2026-07-27,1120,10,0.9,0.72,28.02,22.41
2026-07-14,1121,20,4.8,5.16,157.06,168.84
2026-07-04,1126,30,,3.17,,68.79
2026-07-31,1127,40,7.86,6.38,211.59,171.75
2026-07-01,1130,30,2.23,1.94,73.37,63.83
2026-07-10,1133,20,2.22,1.85,67.64,56.37
2026-07-16,1135,40,2.59,2.73,37.01,39.01
2026-07-17,1148,10,4.72,4.42,107.9,101.04
2026-07-06,1150,30,3.22,3.04,82.4,77.79
2026-07-23,1155,40,3.93,4.9,90.78,113.19
2026-07-27,1158,30,,1.58,,20.73
2026-07-26,1163,40,4.69,3.89,102.34,84.88
2026-07-09,1114,30,2.82,2.38,36.07,30.44
2026-07-22,1115,40,5.39,4.7,186.49,162.62
2026-07-02,1126,30,,3.05,,66.18
2026-07-30,1135,40,3.65,3.22,52.16,46.01
2026-07-13,1138,30,5.49,5.52,141.09,141.86
2026-07-04,1139,40,5.55,6.34,129.76,148.23
2026-07-08,1140,10,0.87,0.75,12.84,11.07
2026-07-06,1145,20,2.26,2.15,70.01,66.61
2026-07-18,1146,30,3.99,3.63,42.77,38.91
2026-07-16,1155,40,4.46,4.98,103.03,115.04
2026-07-16,1157,20,2.62,3.08,22.03,25.9
2026-07-09,1161,20,1.62,1.61,50.41,50.1
2026-07-03,1164,10,0.88,1.05,27.1,32.34
2026-07-01,1101,20,6.73,6.11,104.65,95.01
2026-07-19,1107,40,1.77,1.81,19.89,20.34
2026-07-17,1130,30,1.66,1.76,54.61,57.9
2026-07-07,1136,10,0.69,0.78,19.11,21.6
2026-07-10,1139,40,4.89,5.6,114.33,130.93
2026-07-04,1141,20,1.63,1.77,29.52,32.05
2026-07-04,1142,30,,4.6,,45.17
2026-07-24,1142,30,,4.11,,40.36
2026-07-06,1155,40,7.31,5.96,168.86,137.68
2026-07-27,1171,40,1.52,1.7,46.24,51.71
2026-07-16,1103,40,0.65,0.6,21.52,19.86
2026-07-23,1106,30,4.45,5.34,50.77,60.93
2026-07-03,1112,10,1.36,1.51,42.74,47.46
2026-07-03,1121,20,5.56,5.83,181.92,190.76
2026-07-02,1131,40,2.62,3.27,58.53,73.05
2026-07-17,1132,10,3.52,2.97,98.14,82.8
2026-07-02,1141,20,1.82,1.7,32.96,30.79
2026-07-16,1146,30,4.04,3.74,43.31,40.09
2026-07-15,1155,40,4.22,5.12,97.48,118.27
2026-07-23,1157,20,3.0,3.33,25.23,28.01
2026-07-27,1163,40,4.1,3.97,89.46,86.63
2026-07-26,1165,20,4.04,3.72,63.31,58.29
2026-07-24,1004,20,2.0,2.0,50.0,50.0
2026-07-28,1004,20,2.0,2.0,50.0,50.0
2026-07-15,1110,30,,5.35,,106.2
2026-07-04,1136,10,0.74,0.77,20.49,21.32
2026-07-29,1136,10,0.89,0.77,24.64,21.32
2026-07-05,1004,20,2.0,2.0,50.0,50.0
2026-07-06,1102,30,3.75,3.04,39.56,32.07
2026-07-08,1102,30,2.85,2.97,30.07,31.33
2026-07-27,1102,30,2.56,2.93,27.01,30.91
2026-07-24,1103,40,0.56,0.7,18.54,23.17
2026-07-29,1105,20,4.37,4.35,98.19,97.74
2026-07-24,1108,10,3.8,3.1,45.87,37.42
2026-07-05,1121,20,6.06,6.0,198.28,196.32
2026-07-02,1122,30,5.29,5.53,71.15,74.38
2026-07-01,1124,10,2.39,1.92,65.49,52.61
2026-07-12,1124,10,1.72,1.62,47.13,44.39
2026-07-10,1132,10,3.78,3.52,105.39,98.14
2026-07-24,1147,40,3.46,3.62,95.29,99.69
2026-07-05,1157,20,4.54,3.86,38.18,32.46
2026-07-05,1169,20,0.81,0.72,25.73,22.87
2026-07-23,1004,20,2.0,2.0,50.0,50.0
2026-07-09,1102,30,3.31,2.92,34.92,30.81
2026-07-19,1102,30,2.75,2.41,29.01,25.43
2026-07-17,1105,20,4.51,3.66,101.34,82.24
2026-07-21,1109,20,3.76,4.03,83.92,89.95
2026-07-01,1114,30,2.47,2.58,31.59,33.0
2026-07-19,1116,10,5.17,4.36,115.76,97.62
2026-07-23,1118,30,5.99,5.07,206.06,174.41
2026-07-13,1130,30,1.7,1.97,55.93,64.81
2026-07-30,1134,30,2.04,1.94,41.07,39.05
2026-07-10,1142,30,,4.32,,42.42
2026-07-11,1144,10,5.52,4.57,97.04,80.34
2026-07-17,1157,20,2.74,3.05,23.04,25.65
2026-07-22,1157,20,2.98,3.24,25.06,27.25
2026-07-18,1163,40,2.79,3.19,60.88,69.61
2026-07-23,1168,10,6.06,5.21,52.72,45.33
