sku_id,sku,product_name,is_used_sku,primary_marketplace_id
1001,SKU-COFFEE-250,Filter Coffee 250g,0,DE
1002,SKU-GIFT-BUNDLE,Coffee Gift Bundle,0,DE
1003,SKU-USED-RETURN,Used Return SKU,1,DE
1004,SKU-TEA-FR,Green Tea France,0,FR
1005,SKU-ESPRESSO-500,Espresso Beans 500g,0,DE
1006,SKU-SLOW-MOVER,Slow Moving Accessory,0,DE
1007,SKU-HYDRATION,Hydration Bottle,0,DE
1008,SKU-STORAGE-JAR,Storage Jar,0,DE
1100,SKU-COFFEE-1100,Coffee Product 1100,0,DE
1101,SKU-TEA-1101,Tea Product 1101,0,FR
1102,SKU-HOME-1102,Home Product 1102,0,IT
1103,SKU-KITCHEN-1103,Kitchen Product 1103,0,ES
1104,SKU-WELLNESS-1104,Wellness Product 1104,0,DE
1105,SKU-ACCESSORIES-1105,Accessories Product 1105,0,FR
1106,SKU-COFFEE-1106,Coffee Product 1106,0,IT
1107,SKU-TEA-1107,Tea Product 1107,0,ES
1108,SKU-HOME-1108,Home Product 1108,0,DE
1109,SKU-KITCHEN-1109,Kitchen Product 1109,0,FR
1110,SKU-WELLNESS-1110,Wellness Product 1110,0,IT
1111,SKU-ACCESSORIES-1111,Accessories Product 1111,0,ES
1112,SKU-COFFEE-1112,Coffee Product 1112,0,DE
1113,SKU-TEA-1113,Tea Product 1113,0,FR
1114,SKU-HOME-1114,Home Product 1114,1,IT
1115,SKU-KITCHEN-1115,Kitchen Product 1115,0,ES
1116,SKU-WELLNESS-1116,Wellness Product 1116,0,DE
1117,SKU-ACCESSORIES-1117,Accessories Product 1117,0,FR
1118,SKU-COFFEE-1118,Coffee Product 1118,0,IT
1119,SKU-TEA-1119,Tea Product 1119,0,ES
1120,SKU-HOME-1120,Home Product 1120,0,DE
1121,SKU-KITCHEN-1121,Kitchen Product 1121,0,FR
1122,SKU-WELLNESS-1122,Wellness Product 1122,0,IT
1123,SKU-ACCESSORIES-1123,Accessories Product 1123,0,ES
1124,SKU-COFFEE-1124,Coffee Product 1124,0,DE
1125,SKU-TEA-1125,Tea Product 1125,0,FR
1126,SKU-HOME-1126,Home Product 1126,0,IT
1127,SKU-KITCHEN-1127,Kitchen Product 1127,0,ES
1128,SKU-WELLNESS-1128,Wellness Product 1128,0,DE
1129,SKU-ACCESSORIES-1129,Accessories Product 1129,0,FR
1130,SKU-COFFEE-1130,Coffee Product 1130,0,IT
1131,SKU-TEA-1131,Tea Product 1131,1,ES
1132,SKU-HOME-1132,Home Product 1132,0,DE
1133,SKU-KITCHEN-1133,Kitchen Product 1133,0,FR
1134,SKU-WELLNESS-1134,Wellness Product 1134,0,IT
1135,SKU-ACCESSORIES-1135,Accessories Product 1135,0,ES
1136,SKU-COFFEE-1136,Coffee Product 1136,0,DE
1137,SKU-TEA-1137,Tea Product 1137,0,FR
1138,SKU-HOME-1138,Home Product 1138,0,IT
1139,SKU-KITCHEN-1139,Kitchen Product 1139,0,ES
1140,SKU-WELLNESS-1140,Wellness Product 1140,0,DE
1141,SKU-ACCESSORIES-1141,Accessories Product 1141,0,FR
1142,SKU-COFFEE-1142,Coffee Product 1142,0,IT
1143,SKU-TEA-1143,Tea Product 1143,0,ES
1144,SKU-HOME-1144,Home Product 1144,0,DE
1145,SKU-KITCHEN-1145,Kitchen Product 1145,0,FR
1146,SKU-WELLNESS-1146,Wellness Product 1146,0,IT
1147,SKU-ACCESSORIES-1147,Accessories Product 1147,0,ES
1148,SKU-COFFEE-1148,Coffee Product 1148,1,DE
1149,SKU-TEA-1149,Tea Product 1149,0,FR
1150,SKU-HOME-1150,Home Product 1150,0,IT
1151,SKU-KITCHEN-1151,Kitchen Product 1151,0,ES
1152,SKU-WELLNESS-1152,Wellness Product 1152,0,DE
1153,SKU-ACCESSORIES-1153,Accessories Product 1153,0,FR
1154,SKU-COFFEE-1154,Coffee Product 1154,0,IT
1155,SKU-TEA-1155,Tea Product 1155,0,ES
1156,SKU-HOME-1156,Home Product 1156,0,DE
1157,SKU-KITCHEN-1157,Kitchen Product 1157,0,FR
1158,SKU-WELLNESS-1158,Wellness Product 1158,0,IT
1159,SKU-ACCESSORIES-1159,Accessories Product 1159,0,ES
1160,SKU-COFFEE-1160,Coffee Product 1160,0,DE
1161,SKU-TEA-1161,Tea Product 1161,0,FR
1162,SKU-HOME-1162,Home Product 1162,0,IT
1163,SKU-KITCHEN-1163,Kitchen Product 1163,0,ES
1164,SKU-WELLNESS-1164,Wellness Product 1164,0,DE
1165,SKU-ACCESSORIES-1165,Accessories Product 1165,1,FR
1166,SKU-COFFEE-1166,Coffee Product 1166,0,IT
1167,SKU-TEA-1167,Tea Product 1167,0,ES
1168,SKU-HOME-1168,Home Product 1168,0,DE
1169,SKU-KITCHEN-1169,Kitchen Product 1169,0,FR
1170,SKU-WELLNESS-1170,Wellness Product 1170,0,IT
1171,SKU-ACCESSORIES-1171,Accessories Product 1171,0,ES
