date,ean_id,local_usable_qty
2026-07-11,2002,9
2026-07-22,2006,100
2026-07-09,3000,75
2026-07-16,3003,56
2026-07-20,3003,65
2026-07-26,3019,4
2026-07-25,3028,102
2026-07-13,3038,44
2026-07-14,3016,69
2026-07-02,3017,27
2026-07-15,3064,91
2026-07-18,3075,81
2026-07-25,3078,7
2026-07-02,3082,43
2026-07-03,2002,8
2026-07-09,3001,100
2026-07-15,3005,102
2026-07-29,3017,17
2026-07-17,3034,104
2026-07-14,3039,65
2026-07-27,3039,37
2026-07-29,3055,85
2026-07-05,3059,111
2026-07-17,3061,77
2026-07-31,3067,62
2026-07-12,3057,50
2026-07-11,3066,116
2026-07-11,3073,33
2026-07-24,3080,48
2026-07-28,2006,100
2026-07-14,3010,23
2026-07-24,3011,121
2026-07-23,3016,71
2026-07-17,3018,80
2026-07-21,3022,34
2026-07-12,3032,76
2026-07-29,3046,70
2026-07-08,3054,92
2026-07-14,3057,60
2026-07-12,3017,28
2026-07-04,3053,100
2026-07-10,3071,43
2026-07-21,3010,22
2026-07-04,3012,26
2026-07-01,3027,55
2026-07-06,3037,24
2026-07-17,3048,98
2026-07-06,3078,6
2026-07-02,2008,19
2026-07-19,2007,7
2026-07-23,3015,38
2026-07-24,3015,31
2026-07-25,3023,46
2026-07-19,3029,3
2026-07-02,3032,86
2026-07-25,3036,35
2026-07-07,3018,97
2026-07-20,3060,10
2026-07-17,3076,7
2026-07-04,3079,93
2026-07-07,2007,3
2026-07-29,2007,5
2026-07-27,3000,66
2026-07-13,3001,93
2026-07-04,3010,31
2026-07-16,3013,8
2026-07-30,3017,16
2026-07-17,3031,25
2026-07-23,3032,68
2026-07-13,3042,49
2026-07-26,3050,84
2026-07-07,3053,99
2026-07-12,3059,112
2026-07-26,2001,9
2026-07-10,3001,90
2026-07-06,3007,16
2026-07-22,3008,101
2026-07-30,3011,89
2026-07-17,3025,98
2026-07-20,3027,41
2026-07-28,3036,18
2026-07-10,3037,25
2026-07-04,3046,103
2026-07-01,3019,27
2026-07-07,3062,92
2026-07-29,3064,80
2026-07-25,3066,118
2026-07-18,3070,86
2026-07-21,3082,19
2026-07-07,2001,4
2026-07-11,2004,10
2026-07-24,2005,8
2026-07-14,3024,67
2026-07-31,3040,33
2026-07-10,3041,42
2026-07-17,3055,88
2026-07-22,3064,72
2026-07-05,3019,22
2026-07-17,3069,6
2026-07-01,3072,75
2026-07-25,3076,25
2026-07-13,3005,93
2026-07-02,3010,37
2026-07-05,3011,115
2026-07-18,3015,41
2026-07-04,3029,16
2026-07-20,3032,72
2026-07-18,3037,19
2026-07-31,3054,70
2026-07-22,3060,8
2026-07-04,3013,26
2026-07-11,3064,96
2026-07-17,3079,78
2026-07-12,2008,19
2026-07-23,3000,58
2026-07-13,3003,64
2026-07-28,3007,7
2026-07-10,3023,65
2026-07-24,3042,24
2026-07-04,3049,68
2026-07-17,3049,68
2026-07-18,3050,115
2026-07-01,3066,116
2026-07-09,3071,52
2026-07-27,3076,33
2026-07-15,3077,66
2026-07-06,3081,77
2026-07-17,2004,4
2026-07-29,2003,6
2026-07-12,3002,48
2026-07-11,3004,70
2026-07-03,3006,20
2026-07-05,3007,15
2026-07-09,3009,15
2026-07-20,3017,16
2026-07-21,3019,15
2026-07-13,3023,63
2026-07-15,3024,67
2026-07-30,3039,66
2026-07-05,3041,38
2026-07-24,3048,92
2026-07-05,3049,70
2026-07-08,3052,92
2026-07-24,3066,126
2026-07-22,3069,0
2026-07-04,3082,39
2026-07-10,3082,22
2026-07-05,2004,5
2026-07-13,2002,5
2026-07-16,2003,3
2026-07-20,2001,7
2026-07-05,3008,103
2026-07-18,3010,16
2026-07-26,3014,39
2026-07-05,3021,23
2026-07-14,3021,20
2026-07-07,3023,75
2026-07-12,3023,71
2026-07-07,3033,52
2026-07-21,3041,20
2026-07-30,3042,37
2026-07-09,3053,99
2026-07-11,3053,93
2026-07-07,3055,87
2026-07-15,3059,108
2026-07-11,3075,93
2026-07-04,3076,25
2026-07-09,3080,76
2026-07-17,2001,10
2026-07-03,3007,23
2026-07-28,3018,79
2026-07-22,3021,13
2026-07-26,3029,6
2026-07-16,3033,54
2026-07-02,3047,87
2026-07-30,3048,101
2026-07-11,3049,58
2026-07-24,3054,81
2026-07-27,3064,76
2026-07-15,3071,46
2026-07-30,3076,16
2026-07-07,3078,11
2026-07-14,2006,100
2026-07-15,2007,3
2026-07-24,2003,6
2026-07-20,3000,85
2026-07-05,3006,25
2026-07-12,3009,0
2026-07-25,3026,76
2026-07-31,3080,74
2026-07-28,3069,11
2026-07-02,3071,44
2026-07-30,3080,68
2026-07-06,2007,4
2026-07-14,2008,17
2026-07-28,2008,13
2026-07-02,3006,20
2026-07-17,3009,22
2026-07-13,3010,14
2026-07-16,3020,26
2026-07-02,3021,23
2026-07-22,3026,69
2026-07-26,3026,77
2026-07-16,3030,104
2026-07-30,3034,109
2026-07-27,3038,16
2026-07-07,3041,34
2026-07-30,3044,0
2026-07-02,3051,71
2026-07-28,3051,54
2026-07-19,3055,87
2026-07-24,3056,91
2026-07-09,3016,83
2026-07-07,3063,29
2026-07-14,3068,29
2026-07-23,3069,0
2026-07-19,3070,89
2026-07-11,3074,8
2026-07-20,3082,7
2026-07-20,3014,64
2026-07-23,3014,44
2026-07-28,3014,32
2026-07-25,3017,0
2026-07-19,3018,105
2026-07-05,3025,107
2026-07-10,3044,21
2026-07-14,3044,21
2026-07-26,3049,48
2026-07-16,3050,116
2026-07-03,3054,89
2026-07-19,3061,84
2026-07-16,3062,83
2026-07-07,3068,37
2026-07-28,3072,60
2026-07-25,3082,29
2026-07-26,3002,37
2026-07-28,3004,61
2026-07-26,3027,43
2026-07-12,3028,121
2026-07-30,3030,113
2026-07-09,3044,29
2026-07-16,3064,87
2026-07-12,3062,94
2026-07-13,3066,103
2026-07-11,3067,88
2026-07-25,3072,44
2026-07-12,2007,6
2026-07-13,2006,100
2026-07-10,3000,73
2026-07-23,3006,6
2026-07-07,3012,26
2026-07-05,3020,34
2026-07-03,3032,87
2026-07-31,3044,2
2026-07-23,3051,72
2026-07-22,3052,77
2026-07-31,3053,75
2026-07-11,3055,84
2026-07-21,3057,51
2026-07-28,3077,56
2026-07-19,2005,8
2026-07-27,2004,12
2026-07-14,3004,80
2026-07-29,3015,23
2026-07-10,3027,35
2026-07-08,3033,44
2026-07-24,3047,75
2026-07-08,3053,89
2026-07-23,3058,0
2026-07-29,3072,44
2026-07-03,3077,83
2026-07-17,3081,63
2026-07-23,3011,87
2026-07-13,3020,20
2026-07-13,3035,61
2026-07-06,3042,41
2026-07-10,3058,8
2026-07-01,3059,117
2026-07-04,3080,76
2026-07-13,3082,22
2026-07-09,2003,6
2026-07-09,3003,62
2026-07-12,3006,22
2026-07-06,3012,26
2026-07-28,3020,1
2026-07-12,3027,50
2026-07-14,3028,109
2026-07-16,3043,80
2026-07-23,3046,67
2026-07-31,3048,86
2026-07-12,3050,116
2026-07-26,3066,100
2026-07-18,3068,31
2026-07-19,3069,3
2026-07-30,3072,54
2026-07-20,3077,56
2026-07-18,3082,44
2026-07-02,2001,9
2026-07-17,2008,14
2026-07-25,2001,10
2026-07-11,3007,7
2026-07-16,3016,64
2026-07-19,3017,16
2026-07-16,3019,28
2026-07-25,3022,11
2026-07-17,3033,51
2026-07-10,3036,37
2026-07-09,3041,35
2026-07-09,3049,62
2026-07-10,3053,87
2026-07-31,3081,38
2026-07-06,3014,64
2026-07-04,3058,23
2026-07-01,3067,98
2026-07-15,3073,28
2026-07-05,3009,13
2026-07-31,3045,14
2026-07-05,3054,92
2026-07-10,3059,110
2026-07-28,3054,64
2026-07-05,3063,28
2026-07-27,3066,98
2026-07-16,3073,41
2026-07-20,3075,90
2026-07-10,3076,31
2026-07-05,2007,5
2026-07-18,2002,4
2026-07-16,3006,11
2026-07-15,3011,104
2026-07-17,3020,22
2026-07-19,3027,36
2026-07-10,3039,65
2026-07-23,3045,18
2026-07-27,3047,64
2026-07-30,3065,34
2026-07-22,3070,82
2026-07-18,3071,50
2026-07-03,2007,7
2026-07-23,3030,99
2026-07-24,3031,43
2026-07-18,3036,48
2026-07-10,3057,60
2026-07-01,3074,30
2026-07-09,3074,15
2026-07-28,2003,5
2026-07-05,3010,38
2026-07-28,3012,5
2026-07-30,3022,14
2026-07-11,3041,30
2026-07-25,3044,20
2026-07-18,3067,101
2026-07-15,3001,92
2026-07-04,3004,82
2026-07-31,3014,49
2026-07-06,3043,99
2026-07-03,3056,114
2026-07-15,3056,109
2026-07-18,3058,3
2026-07-14,3062,83
2026-07-30,3062,100
2026-07-22,3063,22
2026-07-10,3014,60
2026-07-03,3063,32
2026-07-20,3065,28
2026-07-04,3067,92
2026-07-29,3079,75
2026-07-16,2005,5
2026-07-20,3001,93
2026-07-07,3007,7
2026-07-18,3017,10
2026-07-05,3022,33
2026-07-19,3037,16
2026-07-10,3046,78
2026-07-16,3051,68
2026-07-16,3063,23
2026-07-22,3072,57
2026-07-16,3079,82
2026-07-16,3080,75
2026-07-10,2007,8
2026-07-13,2001,6
2026-07-22,2004,8
2026-07-17,3000,65
2026-07-27,3001,68
2026-07-22,3004,76
2026-07-02,3007,19
2026-07-25,3016,69
2026-07-08,3022,32
2026-07-14,3023,68
2026-07-12,3026,76
2026-07-25,3045,11
2026-07-23,3050,114
2026-07-02,3058,28
2026-07-12,3054,91
2026-07-01,3065,26
2026-07-09,3065,21
2026-07-10,2003,2
2026-07-31,2006,100
2026-07-29,3000,53
2026-07-30,3001,72
2026-07-31,3024,73
2026-07-07,3036,48
2026-07-23,3041,12
2026-07-28,3059,94
2026-07-20,3074,0
2026-07-09,3081,72
2026-07-31,3003,30
2026-07-21,3005,74
2026-07-13,3007,9
2026-07-26,3010,0
2026-07-16,3014,58
2026-07-22,3017,21
2026-07-29,3018,85
2026-07-12,3024,73
2026-07-18,3025,99
2026-07-06,3026,75
2026-07-28,3028,94
2026-07-05,3029,11
2026-07-11,3031,39
2026-07-05,3032,88
2026-07-24,3032,68
2026-07-03,3040,44
2026-07-04,3044,33
2026-07-13,3044,21
2026-07-06,3049,74
2026-07-08,3051,76
2026-07-02,3052,87
2026-07-22,3054,81
2026-07-06,3058,13
2026-07-08,3062,96
2026-07-02,3018,118
2026-07-19,3065,3
2026-07-09,3070,86
2026-07-29,3081,79
2026-07-05,2002,2
2026-07-05,2008,16
2026-07-10,3002,47
2026-07-24,3002,38
2026-07-29,3005,61
2026-07-24,3006,15
2026-07-26,3021,24
2026-07-12,3029,11
2026-07-21,3029,6
2026-07-06,3031,40
2026-07-10,3031,35
2026-07-22,3032,60
2026-07-04,3033,57
2026-07-23,3034,91
2026-07-04,3036,50
2026-07-26,3037,1
2026-07-02,3039,71
2026-07-22,3048,79
2026-07-14,3052,77
2026-07-01,3053,93
2026-07-15,3057,51
2026-07-06,2008,15
2026-07-03,3001,106
2026-07-12,3007,2
2026-07-24,3008,98
2026-07-19,3012,18
2026-07-27,3015,21
2026-07-03,3036,45
2026-07-15,3039,56
2026-07-18,3039,42
2026-07-29,3054,68
2026-07-10,3065,28
2026-07-28,3062,88
2026-07-14,3069,3
2026-07-13,3071,48
2026-07-24,3000,52
2026-07-02,3002,60
2026-07-29,3004,73
2026-07-02,3005,104
2026-07-26,3009,26
2026-07-28,3009,0
2026-07-20,3010,31
2026-07-24,3010,12
2026-07-01,3029,31
2026-07-16,3029,10
2026-07-28,3029,0
2026-07-12,3035,66
2026-07-28,3045,0
2026-07-08,3050,116
2026-07-18,3055,75
2026-07-07,3056,111
2026-07-07,3059,110
2026-07-18,3062,101
2026-07-31,3077,62
2026-07-08,3019,18
2026-07-12,3063,25
2026-07-09,3067,99
2026-07-25,2003,2
2026-07-07,3026,79
2026-07-25,3038,35
2026-07-12,3043,103
2026-07-16,3044,35
2026-07-09,3063,22
2026-07-20,3064,78
2026-07-10,3068,27
2026-07-30,3068,15
2026-07-21,3070,70
2026-07-03,3080,74
2026-07-27,3018,72
2026-07-24,3025,92
2026-07-07,3029,18
2026-07-21,3038,22
2026-07-15,3043,86
2026-07-13,3050,110
2026-07-05,3051,78
2026-07-03,3013,28
2026-07-01,3076,28
2026-07-19,2002,5
2026-07-19,2004,11
2026-07-11,3002,48
2026-07-19,3003,52
2026-07-29,3010,23
2026-07-31,3027,14
2026-07-26,3028,85
2026-07-09,3035,64
2026-07-10,3035,71
2026-07-07,3040,43
2026-07-17,3054,71
2026-07-10,3013,30
2026-07-06,3018,91
2026-07-01,3062,95
2026-07-29,3078,0
2026-07-07,3079,91
2026-07-30,3081,61
2026-07-16,2006,100
2026-07-26,3006,7
2026-07-25,3009,0
2026-07-16,3012,14
2026-07-24,3013,18
2026-07-28,3022,16
2026-07-16,3027,47
2026-07-03,3037,32
2026-07-01,3041,40
2026-07-11,3056,110
2026-07-09,3057,58
2026-07-26,3057,34
2026-07-21,3059,97
2026-07-06,3063,28
2026-07-19,3068,13
2026-07-16,3069,21
2026-07-03,3072,83
2026-07-04,3073,44
2026-07-22,3075,87
2026-07-17,3077,57
2026-07-18,3079,71
2026-07-23,3081,52
2026-07-15,3082,33
2026-07-24,3001,95
2026-07-25,3006,9
2026-07-07,3010,22
2026-07-01,3028,121
2026-07-17,3032,67
2026-07-28,3034,90
2026-07-13,3036,46
2026-07-11,3045,14
2026-07-23,3057,53
2026-07-20,3067,97
2026-07-28,3075,74
2026-07-30,3078,0
2026-07-06,2001,5
2026-07-30,3003,66
2026-07-19,3015,36
2026-07-26,3022,19
2026-07-16,3035,59
2026-07-04,3041,43
2026-07-16,3048,93
2026-07-18,3057,57
2026-07-13,3013,17
2026-07-11,3063,29
2026-07-06,3080,65
2026-07-26,2008,15
2026-07-07,3001,102
2026-07-05,3003,71
2026-07-01,3007,15
2026-07-26,3012,6
2026-07-31,3013,27
2026-07-21,3028,96
2026-07-20,3043,79
2026-07-16,3053,75
2026-07-29,3067,84
2026-07-29,3070,63
2026-07-27,3077,67
2026-07-20,2005,4
2026-07-25,2002,5
2026-07-26,2002,6
2026-07-31,3039,73
2026-07-20,3047,85
2026-07-23,3049,56
2026-07-11,3050,121
2026-07-13,3053,99
2026-07-03,3017,29
2026-07-21,2005,5
2026-07-18,3024,75
2026-07-20,3025,105
2026-07-18,3029,0
2026-07-15,3034,118
2026-07-13,3051,67
2026-07-14,3053,90
2026-07-16,3056,109
2026-07-13,3015,45
2026-07-09,3062,94
2026-07-28,3071,18
2026-07-14,3079,81
2026-07-05,2006,100
2026-07-01,3001,107
2026-07-31,3016,68
2026-07-22,3046,74
2026-07-19,3052,71
2026-07-20,3066,103
2026-07-14,3073,41
2026-07-08,3075,93
2026-07-20,3078,0
2026-07-26,3078,0
2026-07-13,2004,8
2026-07-25,3005,78
2026-07-08,3008,98
2026-07-21,3018,84
2026-07-17,3024,68
2026-07-22,3024,59
2026-07-29,3040,22
2026-07-09,3045,23
2026-07-22,3047,86
2026-07-04,3048,101
2026-07-06,3051,66
2026-07-30,3051,61
2026-07-14,3056,116
2026-07-08,3064,101
2026-07-03,3016,88
2026-07-04,3075,92
2026-07-01,3078,22
2026-07-11,2007,7
2026-07-18,3002,59
2026-07-17,3012,15
2026-07-29,3021,7
2026-07-06,3022,34
2026-07-04,3024,74
2026-07-27,3031,15
2026-07-04,3047,92
2026-07-16,3058,10
2026-07-08,3074,7
2026-07-09,3075,88
2026-07-22,3078,4
2026-07-12,2001,7
2026-07-14,2007,4
2026-07-20,2008,21
2026-07-16,3009,8
2026-07-18,3020,10
2026-07-05,3039,58
2026-07-13,3039,69
2026-07-21,3047,83
2026-07-28,3049,59
2026-07-29,3065,19
2026-07-21,3068,9
2026-07-11,3080,64
2026-07-22,3002,55
2026-07-06,3005,90
2026-07-14,3006,32
2026-07-09,3007,14
2026-07-17,3014,46
2026-07-19,3020,10
2026-07-25,3027,55
2026-07-29,3027,27
2026-07-08,3039,58
2026-07-19,3044,16
2026-07-27,3053,79
2026-07-11,3060,29
2026-07-02,3015,49
2026-07-12,3016,85
2026-07-12,3055,93
2026-07-03,3064,101
2026-07-06,3068,22
2026-07-23,3071,27
2026-07-16,3074,13
2026-07-22,3076,6
2026-07-26,3082,20
2026-07-11,3000,70
2026-07-09,3004,83
2026-07-30,3016,72
2026-07-06,3023,70
2026-07-06,3029,16
2026-07-06,3030,125
2026-07-29,3043,78
2026-07-22,3045,18
2026-07-25,3048,71
2026-07-02,3054,91
2026-07-14,3019,8
2026-07-03,3066,127
2026-07-18,3073,27
2026-07-30,3074,0
2026-07-12,3076,27
2026-07-21,3079,89
2026-07-01,3080,72
2026-07-07,3000,71
2026-07-15,3008,100
2026-07-17,3016,66
2026-07-21,3021,15
2026-07-05,3030,119
2026-07-19,3034,97
2026-07-22,3034,114
2026-07-13,3040,47
2026-07-02,3048,114
2026-07-19,3054,71
2026-07-30,3055,88
2026-07-05,3018,104
2026-07-21,3064,72
2026-07-21,3077,68
2026-07-25,3000,57
2026-07-01,3005,94
2026-07-11,3006,28
2026-07-19,3009,0
2026-07-31,3021,3
2026-07-23,3022,16
2026-07-16,3023,49
2026-07-19,3038,46
2026-07-24,3041,48
2026-07-13,3067,102
2026-07-16,3070,87
2026-07-06,3077,76
2026-07-03,2005,0
2026-07-10,2006,100
2026-07-22,2008,19
2026-07-13,3002,59
2026-07-17,3017,12
2026-07-31,3017,27
2026-07-24,3018,81
2026-07-12,3038,38
2026-07-04,3042,37
2026-07-15,3048,93
2026-07-15,3016,77
2026-07-19,3067,91
2026-07-25,3077,59
2026-07-01,2001,10
2026-07-15,3003,57
2026-07-14,3007,18
2026-07-09,3021,22
2026-07-20,3021,9
2026-07-09,3027,50
2026-07-20,3033,41
2026-07-09,3054,90
2026-07-31,3055,80
2026-07-19,3056,104
2026-07-05,3016,89
2026-07-06,3070,96
2026-07-18,2006,100
2026-07-18,3019,13
2026-07-30,3021,0
2026-07-26,3023,55
2026-07-09,3025,94
2026-07-03,3029,19
2026-07-22,3033,49
2026-07-28,3033,21
2026-07-07,3035,66
2026-07-24,3044,26
2026-07-04,3050,116
2026-07-08,3059,107
2026-07-24,3061,74
2026-07-11,3017,8
2026-07-07,3072,58
2026-07-09,2004,12
2026-07-06,3004,92
2026-07-07,3004,87
2026-07-29,3011,113
2026-07-20,3018,85
2026-07-31,3020,0
2026-07-05,3028,109
2026-07-14,3042,38
2026-07-12,3051,72
2026-07-29,2001,6
2026-07-20,3002,33
2026-07-21,3008,78
2026-07-23,3028,98
2026-07-03,3030,126
2026-07-09,3050,109
2026-07-21,3050,116
2026-07-04,3066,128
2026-07-01,3070,104
2026-07-03,3075,100
2026-07-10,3079,80
2026-07-12,2002,4
2026-07-15,3002,49
2026-07-07,3003,65
2026-07-26,3008,91
2026-07-17,3010,26
2026-07-28,3016,65
2026-07-22,3028,119
2026-07-05,3044,31
2026-07-12,3045,14
2026-07-26,3045,8
2026-07-21,3049,41
2026-07-13,3016,88
2026-07-28,3081,60
2026-07-11,3012,25
2026-07-12,3020,24
2026-07-18,3028,97
2026-07-30,3029,0
2026-07-01,3046,86
2026-07-17,3047,75
2026-07-08,3058,7
2026-07-14,3017,9
2026-07-20,3069,13
2026-07-09,3082,30
2026-07-28,3082,7
2026-07-16,2008,15
2026-07-29,2004,10
2026-07-30,3000,56
2026-07-08,3001,106
2026-07-07,3006,28
2026-07-23,3009,6
2026-07-20,3015,42
2026-07-13,3024,72
2026-07-04,3028,109
2026-07-08,3031,44
2026-07-18,3033,48
2026-07-10,3045,13
2026-07-05,3052,92
2026-07-06,3060,33
2026-07-01,3064,110
2026-07-08,3079,85
2026-07-11,3081,70
2026-07-01,2005,0
2026-07-17,3004,82
2026-07-21,3035,64
2026-07-05,3042,40
2026-07-01,3063,27
2026-07-25,3071,48
2026-07-03,3073,39
2026-07-15,2001,4
2026-07-30,3006,20
2026-07-15,3022,15
2026-07-06,3028,112
2026-07-20,3028,108
2026-07-18,3054,82
2026-07-21,3060,9
2026-07-09,3018,98
2026-07-28,3063,0
2026-07-24,3068,23
2026-07-14,2004,7
2026-07-26,3024,80
2026-07-11,3028,104
2026-07-19,3033,30
2026-07-11,3038,50
2026-07-02,3046,88
2026-07-17,3063,32
2026-07-10,3074,20
2026-07-27,3079,79
2026-07-09,2002,7
2026-07-25,2004,5
2026-07-25,3002,48
2026-07-20,3023,48
2026-07-03,3027,62
2026-07-09,3038,51
2026-07-01,3056,123
2026-07-14,3013,27
2026-07-04,3056,108
2026-07-12,3067,85
2026-07-25,3067,79
2026-07-12,3004,80
2026-07-25,3008,79
2026-07-17,3013,17
2026-07-26,3015,36
2026-07-11,3026,79
2026-07-23,3026,55
2026-07-25,3031,7
2026-07-22,3035,42
2026-07-15,3037,12
2026-07-30,3054,83
2026-07-13,3057,58
2026-07-05,3058,14
2026-07-09,3006,26
2026-07-18,3008,85
2026-07-22,3023,59
2026-07-08,3027,52
2026-07-26,3033,38
2026-07-20,3035,71
2026-07-17,3042,36
2026-07-30,3047,57
2026-07-04,2006,100
2026-07-20,2002,6
2026-07-08,3003,66
2026-07-30,3015,25
2026-07-02,3020,27
2026-07-24,3023,67
2026-07-12,3041,37
2026-07-24,3050,98
2026-07-06,3052,91
2026-07-08,3060,23
2026-07-07,3014,60
2026-07-17,3068,35
2026-07-07,3076,28
2026-07-27,3081,63
2026-07-31,2008,20
2026-07-12,3000,66
2026-07-02,3009,20
2026-07-01,3022,29
2026-07-01,3025,109
2026-07-19,3026,75
2026-07-18,3030,100
2026-07-10,3034,100
2026-07-22,3039,60
2026-07-29,3062,97
2026-07-04,3062,99
2026-07-11,3065,20
2026-07-04,3074,17
2026-07-14,3075,94
2026-07-21,2008,20
2026-07-23,2005,7
2026-07-18,3011,109
2026-07-21,3012,4
2026-07-12,3022,33
2026-07-31,3025,74
2026-07-19,3032,68
2026-07-23,3036,26
2026-07-03,3038,56
2026-07-22,3041,31
2026-07-01,3042,48
2026-07-23,3062,67
2026-07-13,3017,23
2026-07-03,3019,24
2026-07-23,3066,93
2026-07-28,3066,109
2026-07-24,3069,9
2026-07-08,3071,40
2026-07-13,3078,10
2026-07-22,2001,5
2026-07-22,2005,6
2026-07-31,2003,3
2026-07-18,3006,0
2026-07-19,3022,16
2026-07-02,3033,54
2026-07-29,3034,89
2026-07-30,3040,37
2026-07-31,3046,51
2026-07-05,3047,87
2026-07-30,3052,84
2026-07-20,3061,79
2026-07-30,2006,100
2026-07-23,3013,1
2026-07-27,3020,11
2026-07-12,3025,91
2026-07-30,3046,65
2026-07-06,3048,98
2026-07-13,3048,93
2026-07-18,3052,85
2026-07-25,3054,70
2026-07-27,3057,58
2026-07-23,3073,36
2026-07-18,3076,25
2026-07-01,3082,44
2026-07-03,3008,94
2026-07-10,3028,102
2026-07-31,3072,54
2026-07-19,3076,24
2026-07-01,3008,99
2026-07-02,3008,108
2026-07-25,3015,41
2026-07-30,3019,0
2026-07-22,3020,9
2026-07-11,3032,85
2026-07-11,3034,117
2026-07-06,3047,82
2026-07-06,3055,80
2026-07-10,3064,80
2026-07-09,3069,11
2026-07-08,3076,19
2026-07-27,3080,49
2026-07-21,3003,37
2026-07-01,3030,121
2026-07-20,3036,49
2026-07-02,3037,25
2026-07-19,3040,40
2026-07-28,3043,82
2026-07-07,3016,83
2026-07-20,3071,32
2026-07-24,3078,3
2026-07-05,3080,81
2026-07-25,2007,9
2026-07-11,3011,111
2026-07-28,3017,7
2026-07-14,3025,96
2026-07-28,3027,31
2026-07-22,3029,0
2026-07-13,3034,116
2026-07-26,3041,14
2026-07-25,3052,70
2026-07-02,3059,105
2026-07-27,3067,61
2026-07-08,3082,30
2026-07-08,2002,6
2026-07-23,3003,55
2026-07-19,3005,83
2026-07-15,3020,22
2026-07-14,3033,50
2026-07-21,3036,42
2026-07-25,3039,50
2026-07-09,3068,30
2026-07-20,3073,35
2026-07-28,3023,42
2026-07-20,3037,13
2026-07-03,3042,45
2026-07-24,3052,89
2026-07-09,3055,91
2026-07-02,3072,68
2026-07-28,3079,51
2026-07-02,3000,75
2026-07-03,3002,69
2026-07-08,3030,109
2026-07-30,3031,23
2026-07-23,3033,45
2026-07-04,3035,65
2026-07-20,3040,52
2026-07-08,3044,18
2026-07-09,3046,85
2026-07-15,3050,124
2026-07-14,3054,87
2026-07-13,3060,27
2026-07-25,3060,15
2026-07-02,3061,83
2026-07-06,3016,91
2026-07-25,3081,48
2026-07-10,2001,9
2026-07-17,3006,19
2026-07-10,3024,63
2026-07-04,3030,125
2026-07-18,3032,63
2026-07-24,3058,1
2026-07-07,3069,18
2026-07-10,3070,85
2026-07-13,3073,38
2026-07-12,3082,41
2026-07-02,2006,100
2026-07-15,3010,30
2026-07-26,3013,8
2026-07-14,3022,22
2026-07-18,3022,38
2026-07-25,3024,62
2026-07-06,3038,44
2026-07-13,3041,22
2026-07-18,3047,79
2026-07-11,3048,93
2026-07-02,3049,73
2026-07-09,3052,87
2026-07-01,3013,30
2026-07-18,3069,8
2026-07-07,3071,53
2026-07-07,3073,41
2026-07-26,3079,91
2026-07-19,3011,121
2026-07-25,3012,25
2026-07-16,3021,9
2026-07-29,3032,82
2026-07-16,3039,69
2026-07-17,3041,40
2026-07-07,3042,37
2026-07-09,3048,97
2026-07-20,3050,99
2026-07-07,3057,63
2026-07-02,3013,28
2026-07-12,3065,15
2026-07-07,3067,97
2026-07-17,3082,14
2026-07-24,2006,100
2026-07-31,2007,3
2026-07-18,3000,68
2026-07-19,3002,47
2026-07-10,3003,60
2026-07-13,3025,95
2026-07-23,3025,93
2026-07-10,3032,84
2026-07-31,3043,66
2026-07-24,3057,43
2026-07-10,3015,45
2026-07-04,3061,89
2026-07-02,3078,21
2026-07-08,3078,4
2026-07-03,3081,68
2026-07-11,3082,32
2026-07-03,2004,8
2026-07-16,3005,101
2026-07-07,3008,99
2026-07-23,3024,71
2026-07-02,3050,116
2026-07-14,3015,37
2026-07-23,3075,81
2026-07-16,3076,15
2026-07-04,3078,6
2026-07-29,2008,12
2026-07-04,3002,48
2026-07-02,3003,71
2026-07-18,3004,68
2026-07-05,3005,93
2026-07-27,3006,10
2026-07-30,3007,8
2026-07-11,3009,12
2026-07-17,3011,99
2026-07-08,3028,119
2026-07-02,3031,45
2026-07-16,3032,78
2026-07-13,3055,87
2026-07-05,3056,114
2026-07-08,3066,115
2026-07-20,3070,84
2026-07-15,3076,6
2026-07-06,3002,53
2026-07-04,3011,118
2026-07-11,3022,25
2026-07-24,3029,9
2026-07-03,3034,112
2026-07-21,3040,32
2026-07-23,3043,72
2026-07-20,3049,60
2026-07-21,3058,16
2026-07-10,3016,82
2026-07-03,3071,54
2026-07-10,3078,13
2026-07-19,3007,0
2026-07-10,3011,108
2026-07-27,3023,62
2026-07-28,3024,73
2026-07-20,3030,120
2026-07-01,3031,48
2026-07-09,3037,19
2026-07-24,3037,0
2026-07-15,3049,63
2026-07-23,3052,85
2026-07-02,3060,31
2026-07-10,3061,90
2026-07-04,3051,77
2026-07-15,3066,110
2026-07-10,3067,100
2026-07-30,3067,80
2026-07-02,3080,77
2026-07-26,3080,66
2026-07-23,3082,22
2026-07-05,3004,90
2026-07-25,3007,7
2026-07-21,3009,21
2026-07-07,3020,33
2026-07-09,3020,20
2026-07-10,3022,23
2026-07-23,3031,35
2026-07-28,3037,14
2026-07-31,3042,8
2026-07-01,3045,17
2026-07-01,3047,85
2026-07-11,3052,86
2026-07-13,3058,10
2026-07-07,3060,34
2026-07-02,3063,46
2026-07-29,3063,3
2026-07-08,3067,102
2026-07-03,3069,24
2026-07-11,3070,86
2026-07-29,3073,15
2026-07-08,3080,69
2026-07-06,2004,6
2026-07-23,2003,5
2026-07-09,3002,54
2026-07-25,3003,55
2026-07-27,3003,64
2026-07-08,3006,16
2026-07-15,3027,41
2026-07-17,3029,6
2026-07-13,3033,32
2026-07-15,3038,46
2026-07-12,3042,37
2026-07-28,3046,70
2026-07-14,3058,9
2026-07-09,3017,25
2026-07-07,3019,16
2026-07-07,3074,11
2026-07-07,2005,6
2026-07-24,2002,4
2026-07-08,3004,76
2026-07-31,3011,103
2026-07-08,3024,74
2026-07-12,3036,41
2026-07-28,3042,24
2026-07-15,3074,18
2026-07-18,2008,13
2026-07-11,3001,98
2026-07-01,3002,50
2026-07-29,3007,0
2026-07-19,3010,20
2026-07-19,3013,6
2026-07-27,3028,104
2026-07-11,3035,54
2026-07-16,3038,48
2026-07-26,3040,38
2026-07-25,3041,27
2026-07-28,3050,103
2026-07-31,3058,0
2026-07-16,3059,103
2026-07-31,3075,90
2026-07-12,3075,85
2026-07-20,3076,24
2026-07-07,3081,75
2026-07-03,2001,8
2026-07-15,2003,2
2026-07-09,3011,120
2026-07-28,3013,15
2026-07-09,3030,115
2026-07-14,3041,37
2026-07-20,3045,16
2026-07-28,3048,74
2026-07-27,3062,83
2026-07-16,3067,93
2026-07-11,3018,89
2026-07-27,3065,16
2026-07-08,3068,33
2026-07-14,3003,49
2026-07-14,3009,4
2026-07-09,3023,67
2026-07-10,3030,111
2026-07-12,3034,115
2026-07-03,3039,62
2026-07-08,3049,62
2026-07-19,3050,123
2026-07-19,3058,0
2026-07-30,3058,0
2026-07-03,3070,92
2026-07-01,3081,72
2026-07-09,2005,8
2026-07-31,2005,5
2026-07-17,3007,11
2026-07-21,3011,97
2026-07-07,3028,120
2026-07-27,3037,15
2026-07-16,3060,30
2026-07-31,3079,67
2026-07-20,3062,80
2026-07-05,3065,33
2026-07-25,3065,8
2026-07-11,2006,100
2026-07-27,2007,7
2026-07-26,3001,81
2026-07-29,3003,33
2026-07-31,3004,86
2026-07-01,3009,18
2026-07-22,3016,65
2026-07-17,3019,12
2026-07-19,3025,82
2026-07-22,3025,89
2026-07-16,3034,113
2026-07-29,3036,29
2026-07-13,3045,26
2026-07-16,3047,83
2026-07-29,3048,80
2026-07-10,3052,83
2026-07-15,3054,82
2026-07-26,3055,63
2026-07-22,3056,92
2026-07-06,3062,101
2026-07-31,3073,15
2026-07-31,3076,0
2026-07-12,3053,93
2026-07-14,3066,115
2026-07-03,3068,34
2026-07-05,3070,95
2026-07-14,3072,55
2026-07-09,3073,44
2026-07-31,2001,4
2026-07-31,2002,5
2026-07-25,3021,0
2026-07-17,3027,32
2026-07-02,3028,119
2026-07-24,3028,96
2026-07-26,3035,46
2026-07-21,3037,21
2026-07-03,3061,91
2026-07-06,3061,77
2026-07-01,3017,33
2026-07-05,3073,39
2026-07-06,3075,103
2026-07-29,3075,69
2026-07-18,3078,0
2026-07-05,3081,77
2026-07-21,2001,6
2026-07-26,2003,3
2026-07-02,3001,101
2026-07-11,3020,24
2026-07-16,3041,32
2026-07-29,3045,0
2026-07-01,3048,100
2026-07-31,3052,69
2026-07-22,3068,26
2026-07-19,3074,17
2026-07-06,3076,32
2026-07-13,3080,54
2026-07-13,3081,71
2026-07-25,3011,107
2026-07-08,3023,64
2026-07-20,3026,58
2026-07-24,3059,80
2026-07-14,3060,22
2026-07-28,3053,92
2026-07-02,2003,5
2026-07-12,2006,100
2026-07-27,2002,7
2026-07-29,2006,100
2026-07-27,3005,94
2026-07-15,3012,13
2026-07-08,3038,50
2026-07-18,3042,35
2026-07-21,3044,6
2026-07-20,3048,79
2026-07-26,3048,87
2026-07-30,3050,119
2026-07-17,3056,103
2026-07-09,3015,39
2026-07-11,3015,33
2026-07-24,3070,71
2026-07-01,2006,100
2026-07-30,2005,4
2026-07-21,3006,9
2026-07-29,3009,0
2026-07-19,3019,6
2026-07-04,3021,26
2026-07-20,3039,59
2026-07-22,3042,39
2026-07-03,3053,95
2026-07-22,3059,85
2026-07-18,3066,118
2026-07-04,3059,98
2026-07-22,3071,38
2026-07-02,3075,97
2026-07-05,3076,32
2026-07-27,3078,9
2026-07-08,3000,69
2026-07-31,3015,21
2026-07-14,3020,13
2026-07-25,3042,27
2026-07-27,3042,19
2026-07-27,3049,61
2026-07-01,3051,78
2026-07-14,3055,92
2026-07-07,3058,23
2026-07-11,3058,10
2026-07-04,3016,79
2026-07-06,3019,16
2026-07-20,3063,13
2026-07-27,3069,0
2026-07-21,3073,34
2026-07-10,3080,68
2026-07-28,2001,7
2026-07-06,3000,78
2026-07-06,3010,33
2026-07-21,3026,61
2026-07-24,3027,39
2026-07-30,3027,53
2026-07-11,3040,44
2026-07-15,3045,29
2026-07-08,3055,85
2026-07-25,3057,40
2026-07-22,3066,106
2026-07-29,3068,32
2026-07-15,3069,20
2026-07-27,3071,41
2026-07-28,2002,8
2026-07-16,3017,18
2026-07-10,3026,83
2026-07-03,3044,32
2026-07-27,3058,9
2026-07-21,3062,78
2026-07-02,3065,25
2026-07-11,3016,86
2026-07-14,3000,62
2026-07-25,3037,8
2026-07-28,3039,57
2026-07-25,3051,47
2026-07-27,3056,113
2026-07-03,3058,20
2026-07-31,3078,3
2026-07-17,3067,97
2026-07-24,2008,17
2026-07-22,3006,16
2026-07-25,3010,34
2026-07-26,3020,9
2026-07-16,3028,95
2026-07-09,3033,54
2026-07-24,3034,91
2026-07-27,3036,30
2026-07-20,3044,16
2026-07-14,3047,85
2026-07-23,3061,68
2026-07-09,3014,51
2026-07-04,3064,93
2026-07-02,3067,103
2026-07-17,3074,3
2026-07-22,3077,75
2026-07-22,3081,65
2026-07-04,3006,37
2026-07-17,3022,23
2026-07-03,3031,43
2026-07-13,3032,67
2026-07-11,3033,47
2026-07-09,3036,64
2026-07-04,3037,19
2026-07-31,3037,0
2026-07-08,3048,95
2026-07-28,3067,81
2026-07-01,3068,37
2026-07-01,3069,26
2026-07-11,3072,54
2026-07-08,3073,38
2026-07-07,3080,67
2026-07-08,3081,71
2026-07-21,3081,66
2026-07-04,2002,6
2026-07-23,3029,0
2026-07-11,3030,118
2026-07-18,3035,66
2026-07-03,3051,76
2026-07-21,3053,97
2026-07-17,3062,91
2026-07-08,3013,24
2026-07-02,3019,15
2026-07-04,3065,25
2026-07-03,3067,109
2026-07-06,3073,47
2026-07-09,3079,88
2026-07-16,3015,50
2026-07-29,3019,0
2026-07-12,3031,35
2026-07-31,3051,74
2026-07-01,3058,13
2026-07-25,3063,3
2026-07-05,3067,98
2026-07-15,3070,87
2026-07-13,3077,85
2026-07-23,3078,6
2026-07-25,3080,51
2026-07-04,3007,12
2026-07-09,3008,104
2026-07-13,3021,10
2026-07-17,3038,46
2026-07-29,3038,49
2026-07-30,3038,35
2026-07-03,3041,43
2026-07-28,3044,22
2026-07-29,3047,55
2026-07-15,3052,91
2026-07-05,3053,91
2026-07-23,3055,85
2026-07-21,3061,76
2026-07-30,3070,101
2026-07-14,3076,27
2026-07-19,3079,83
2026-07-15,2002,7
2026-07-01,3004,101
2026-07-10,3004,86
2026-07-11,3008,100
2026-07-29,3008,87
2026-07-26,3016,63
2026-07-30,3020,6
2026-07-21,3025,100
2026-07-15,3029,1
2026-07-15,3031,32
2026-07-29,3039,30
2026-07-21,3046,79
2026-07-12,3056,104
2026-07-04,3057,61
2026-07-23,3064,88
2026-07-16,3071,30
2026-07-21,3071,49
2026-07-14,3081,78
2026-07-25,2008,16
2026-07-01,3010,36
2026-07-05,3012,27
2026-07-13,3028,112
2026-07-15,3030,107
2026-07-27,3033,26
2026-07-22,3044,8
2026-07-10,3049,56
2026-07-29,3049,50
2026-07-03,3060,38
2026-07-18,3061,73
2026-07-20,3059,106
2026-07-13,3069,10
2026-07-04,3071,55
2026-07-24,3074,0
2026-07-28,3074,0
2026-07-08,3002,57
2026-07-30,3014,58
2026-07-24,3019,6
2026-07-20,3020,22
2026-07-24,3021,11
2026-07-11,3025,93
2026-07-06,3015,47
2026-07-04,3069,19
2026-07-01,3079,89
2026-07-03,3079,92
2026-07-05,2005,5
2026-07-13,2008,18
2026-07-29,3014,30
2026-07-22,3022,14
2026-07-04,3026,92
2026-07-13,3026,74
2026-07-12,3037,14
2026-07-12,3048,89
2026-07-07,3054,98
2026-07-18,3064,88
2026-07-28,3070,69
2026-07-17,3072,70
2026-07-02,3074,17
2026-07-13,3075,92
2026-07-22,3000,67
2026-07-25,3020,19
2026-07-11,3044,33
2026-07-17,3051,56
2026-07-22,3051,54
2026-07-30,3056,103
2026-07-09,3059,99
2026-07-31,3074,12
2026-07-05,3017,17
2026-07-09,3066,115
2026-07-23,3067,86
2026-07-21,3076,18
2026-07-23,3001,93
2026-07-06,3003,68
2026-07-04,3009,8
2026-07-08,3012,27
2026-07-05,3026,79
2026-07-31,3033,49
2026-07-02,3036,53
2026-07-19,3036,36
2026-07-27,3045,12
2026-07-22,3050,111
2026-07-25,3053,89
2026-07-24,3055,92
2026-07-29,3059,101
2026-07-31,3060,30
2026-07-07,3061,84
2026-07-16,3065,22
2026-07-04,3072,73
2026-07-29,3074,14
2026-07-13,2007,5
2026-07-21,2004,9
2026-07-30,2007,4
2026-07-31,3009,11
2026-07-29,3020,0
2026-07-17,3026,84
2026-07-10,3047,81
2026-07-03,3049,68
2026-07-19,3060,27
2026-07-13,3064,85
2026-07-07,3066,110
2026-07-21,3078,13
2026-07-12,2005,6
2026-07-09,3022,35
2026-07-06,3035,57
2026-07-07,3037,14
2026-07-01,3039,72
2026-07-23,3039,43
2026-07-28,3047,79
2026-07-21,3054,79
2026-07-10,3056,115
2026-07-26,3062,83
2026-07-12,3074,4
2026-07-25,2006,100
2026-07-14,3002,49
2026-07-16,3007,10
2026-07-16,3008,100
2026-07-17,3037,21
2026-07-18,3038,43
2026-07-08,3040,41
2026-07-08,3045,13
2026-07-18,3046,86
2026-07-08,3063,31
2026-07-10,3019,15
2026-07-02,3069,26
2026-07-24,3076,31
2026-07-29,3080,60
2026-07-13,2003,5
2026-07-13,3000,70
2026-07-14,3001,87
2026-07-21,3027,27
2026-07-05,3035,63
2026-07-28,3040,26
2026-07-13,3052,97
2026-07-09,3056,123
2026-07-25,3061,76
2026-07-26,3075,75
2026-07-30,3077,59
2026-07-17,2002,9
2026-07-17,2006,100
2026-07-31,2004,8
2026-07-20,3007,0
2026-07-03,3010,31
2026-07-14,3012,28
2026-07-30,3028,101
2026-07-07,3039,61
2026-07-27,3040,18
2026-07-18,3041,46
2026-07-03,3045,22
2026-07-03,3050,114
2026-07-17,3053,105
2026-07-06,3057,54
2026-07-29,3057,33
2026-07-28,3068,17
2026-07-08,3072,71
2026-07-27,3075,82
2026-07-02,3079,90
2026-07-26,2007,8
2026-07-31,3018,80
2026-07-03,3025,109
2026-07-15,3025,95
2026-07-29,3029,0
2026-07-22,3030,102
2026-07-29,3033,33
2026-07-19,3042,38
2026-07-21,3043,82
2026-07-17,3044,27
2026-07-19,3049,65
2026-07-18,3053,74
2026-07-22,3067,88
2026-07-20,3079,84
2026-07-14,2002,6
2026-07-02,3012,32
2026-07-16,3018,92
2026-07-23,3023,54
2026-07-21,3031,26
2026-07-08,3036,50
2026-07-03,3059,101
2026-07-25,3059,98
2026-07-29,3060,6
2026-07-04,3019,16
2026-07-05,3062,97
2026-07-27,3063,35
2026-07-22,3082,21
2026-07-27,2001,8
2026-07-26,3003,47
2026-07-27,3013,3
2026-07-29,3024,59
2026-07-05,3036,42
2026-07-31,3036,20
2026-07-09,3040,34
2026-07-20,3042,33
2026-07-10,3048,90
2026-07-16,3052,94
2026-07-05,3061,91
2026-07-03,3014,66
2026-07-12,3069,22
2026-07-18,3072,54
2026-07-26,3074,5
2026-07-12,2003,4
2026-07-23,3004,68
2026-07-12,3011,122
2026-07-26,3018,101
2026-07-24,3022,9
2026-07-29,3023,56
2026-07-30,3024,77
2026-07-25,3025,94
2026-07-14,3026,88
2026-07-15,3035,64
2026-07-05,3037,24
2026-07-21,3045,19
2026-07-30,3045,15
2026-07-27,3054,70
2026-07-05,3014,60
2026-07-04,3018,94
2026-07-13,3018,86
2026-07-04,3052,95
2026-07-29,3069,9
2026-07-07,3070,91
2026-07-03,3078,12
2026-07-24,3082,25
2026-07-01,2007,9
2026-07-10,2005,4
2026-07-15,2006,100
2026-07-17,3003,62
2026-07-20,3008,84
2026-07-19,3021,13
2026-07-01,3026,91
2026-07-15,3036,42
2026-07-23,3060,27
2026-07-12,3052,73
2026-07-07,2002,5
2026-07-10,2002,8
2026-07-22,3001,95
2026-07-26,3004,83
2026-07-26,3005,75
2026-07-12,3010,19
2026-07-31,3026,77
2026-07-31,3030,113
2026-07-02,3038,57
2026-07-12,3044,22
2026-07-19,3053,97
2026-07-13,3076,19
2026-07-26,3081,74
2026-07-17,3002,54
2026-07-22,3005,72
2026-07-08,3020,27
2026-07-16,3022,24
2026-07-31,3038,33
2026-07-01,3049,76
2026-07-18,3060,9
2026-07-01,3016,88
2026-07-12,3073,37
2026-07-15,3081,74
2026-07-23,2001,4
2026-07-23,2004,7
2026-07-24,3004,83
2026-07-01,3036,49
2026-07-22,3040,18
2026-07-14,3059,98
2026-07-24,3063,28
2026-07-31,3082,0
2026-07-17,3066,108
2026-07-12,3077,70
2026-07-14,3078,7
2026-07-14,3082,21
2026-07-27,2008,14
2026-07-29,3001,78
2026-07-22,3010,21
2026-07-02,3026,86
2026-07-11,3027,47
2026-07-07,3032,72
2026-07-22,3036,30
2026-07-01,3038,49
2026-07-12,3039,59
2026-07-11,3046,81
2026-07-21,3052,85
2026-07-30,3063,34
2026-07-03,3062,105
2026-07-05,3071,51
2026-07-23,3072,61
2026-07-06,3074,30
2026-07-23,3077,86
2026-07-04,3000,71
2026-07-22,3007,3
2026-07-17,3008,93
2026-07-06,3024,84
2026-07-21,3024,65
2026-07-18,3026,84
2026-07-09,3028,114
2026-07-07,3030,110
2026-07-09,3031,39
2026-07-25,3047,77
2026-07-07,3048,100
2026-07-15,3053,81
2026-07-08,3056,107
2026-07-24,3062,75
2026-07-30,3066,93
2026-07-08,3017,26
2026-07-12,3070,90
2026-07-28,3076,1
2026-07-08,3077,76
2026-07-02,3081,74
2026-07-22,2002,8
2026-07-27,3012,13
2026-07-06,3027,54
2026-07-29,3050,112
2026-07-11,3013,11
2026-07-04,3055,95
2026-07-28,3060,34
2026-07-04,3068,40
2026-07-12,3068,17
2026-07-16,3081,60
2026-07-04,2003,2
2026-07-08,2004,4
2026-07-12,3003,67
2026-07-27,3004,47
2026-07-08,3021,15
2026-07-31,3041,15
2026-07-23,3053,72
2026-07-06,3065,22
2026-07-02,3070,94
2026-07-08,3070,85
2026-07-24,3077,56
2026-07-25,3079,63
2026-07-10,2008,21
2026-07-28,2004,11
2026-07-05,3000,72
2026-07-28,3000,52
2026-07-19,3001,94
2026-07-02,3011,112
2026-07-09,3012,12
2026-07-29,3026,59
2026-07-18,3027,49
2026-07-08,3029,12
2026-07-09,3029,12
2026-07-28,3030,95
2026-07-29,3031,37
2026-07-22,3037,7
2026-07-17,3043,100
2026-07-25,3046,78
2026-07-07,3047,81
2026-07-13,3047,91
2026-07-14,3049,53
2026-07-16,3054,87
2026-07-05,3077,79
2026-07-03,2003,5
2026-07-08,2005,7
2026-07-04,3001,109
2026-07-16,3001,83
2026-07-12,3005,92
2026-07-01,3006,24
2026-07-21,3014,35
2026-07-27,3025,76
2026-07-08,3037,31
2026-07-01,3044,28
2026-07-06,3044,41
2026-07-30,3064,81
2026-07-24,3067,79
2026-07-03,3065,28
2026-07-01,3073,41
2026-07-21,3075,98
2026-07-01,2002,4
2026-07-14,2001,5
2026-07-16,2007,10
2026-07-05,3023,76
2026-07-25,3049,48
2026-07-14,3064,94
2026-07-05,3069,8
2026-07-20,3080,58
2026-07-27,2005,6
2026-07-30,2008,21
2026-07-21,3004,64
2026-07-23,3007,17
2026-07-27,3019,0
2026-07-06,3020,26
2026-07-03,3033,55
2026-07-25,3033,42
2026-07-01,3034,120
2026-07-07,3034,119
2026-07-11,3037,20
2026-07-26,3039,62
2026-07-05,3046,95
2026-07-03,3055,89
2026-07-17,3057,40
2026-07-10,3017,20
2026-07-15,3063,19
2026-07-23,3074,18
2026-07-04,3077,75
2026-07-26,2005,5
2026-07-17,3015,39
2026-07-31,3029,2
2026-07-27,3046,79
2026-07-03,3047,99
2026-07-02,3053,93
2026-07-03,3018,106
2026-07-15,3019,6
2026-07-02,3066,125
2026-07-24,3079,72
2026-07-02,2002,0
2026-07-04,2001,7
2026-07-06,2005,5
2026-07-10,3005,89
2026-07-30,3005,91
2026-07-31,3010,33
2026-07-21,3013,10
2026-07-25,3032,62
2026-07-15,3033,40
2026-07-22,3038,39
2026-07-29,3056,106
2026-07-13,3059,103
2026-07-02,3062,95
2026-07-27,3002,42
2026-07-13,3004,84
2026-07-29,3006,3
2026-07-24,3007,0
2026-07-27,3011,100
2026-07-20,3019,11
2026-07-20,3022,16
2026-07-29,3025,68
2026-07-05,3031,38
2026-07-19,3031,38
2026-07-25,3035,70
2026-07-30,3037,0
2026-07-29,3044,0
2026-07-05,3045,25
2026-07-22,3057,52
2026-07-17,3064,95
2026-07-21,3072,64
2026-07-16,2004,5
2026-07-30,3002,23
2026-07-25,3004,53
2026-07-28,3010,6
2026-07-31,3012,25
2026-07-26,3017,16
2026-07-05,3033,58
2026-07-06,3039,68
2026-07-22,3043,70
2026-07-26,3056,115
2026-07-10,3063,27
2026-07-19,3063,10
2026-07-01,2004,12
2026-07-09,3026,86
2026-07-24,3026,82
2026-07-23,3027,49
2026-07-26,3038,47
2026-07-03,3046,92
2026-07-30,3049,37
2026-07-20,3051,66
2026-07-22,3061,60
2026-07-29,3061,60
2026-07-20,3058,4
2026-07-06,3072,63
2026-07-19,3072,61
2026-07-07,3077,83
2026-07-06,3082,30
2026-07-22,3003,51
2026-07-14,3005,86
2026-07-03,3011,117
2026-07-08,3011,115
2026-07-16,3025,109
2026-07-03,3028,110
2026-07-02,3029,21
2026-07-28,3032,54
2026-07-27,3043,69
2026-07-19,3045,14
2026-07-11,3047,89
2026-07-18,3048,88
2026-07-21,3048,90
2026-07-10,3055,92
2026-07-14,3018,90
2026-07-28,3057,55
2026-07-23,3063,18
2026-07-05,3066,115
2026-07-14,3074,14
2026-07-19,3078,0
2026-07-12,3080,58
2026-07-17,2007,9
2026-07-20,2004,10
2026-07-16,3000,78
2026-07-16,3002,55
2026-07-30,3009,0
2026-07-13,3029,6
2026-07-09,3034,110
2026-07-16,3036,37
2026-07-07,3043,111
2026-07-24,3045,0
2026-07-07,3050,116
2026-07-27,3052,62
2026-07-27,3060,15
2026-07-12,3064,88
2026-07-22,3073,43
2026-07-04,2004,6
2026-07-15,3000,87
2026-07-23,3005,94
2026-07-14,3011,121
2026-07-02,3043,108
2026-07-20,3046,85
2026-07-30,3057,54
2026-07-26,3064,85
2026-07-10,3069,11
2026-07-02,3073,47
2026-07-01,3077,77
2026-07-05,3002,52
2026-07-26,3025,96
2026-07-08,3026,82
2026-07-07,3031,42
2026-07-17,3036,40
2026-07-10,3043,93
2026-07-26,3053,67
2026-07-24,3065,19
2026-07-20,3057,59
2026-07-26,3068,24
2026-07-16,3077,76
2026-07-03,2006,100
2026-07-11,2001,8
2026-07-29,3016,64
2026-07-02,3022,28
2026-07-19,3024,75
2026-07-20,3034,94
2026-07-21,3039,41
2026-07-04,3043,90
2026-07-26,3044,3
2026-07-14,3048,89
2026-07-11,3054,100
2026-07-01,3055,85
2026-07-25,3056,101
2026-07-26,3058,3
2026-07-11,3014,72
2026-07-07,3015,41
2026-07-19,3073,31
2026-07-06,2006,100
2026-07-07,2003,4
2026-07-08,2003,5
2026-07-09,3010,32
2026-07-03,3023,66
2026-07-23,3038,20
2026-07-15,3042,37
2026-07-05,3043,103
2026-07-06,3045,22
2026-07-07,3045,22
2026-07-27,3050,95
2026-07-29,3051,53
2026-07-15,3014,52
2026-07-18,2003,5
2026-07-03,3003,61
2026-07-23,3010,8
2026-07-29,3013,16
2026-07-16,3024,62
2026-07-30,3035,69
2026-07-02,3057,70
2026-07-26,3060,4
2026-07-01,3061,91
2026-07-14,3063,13
2026-07-04,3014,65
2026-07-14,3014,60
2026-07-28,3064,94
2026-07-23,3065,17
2026-07-04,3070,101
2026-07-11,3078,3
2026-07-11,2008,20
2026-07-27,2003,4
2026-07-21,3002,50
2026-07-31,3002,37
2026-07-30,3004,79
2026-07-18,3012,27
2026-07-21,3016,76
2026-07-07,3021,17
2026-07-02,3025,102
2026-07-28,3025,95
2026-07-27,3029,8
2026-07-21,3042,22
2026-07-26,3046,80
2026-07-22,3049,55
2026-07-03,3057,67
2026-07-11,3061,80
2026-07-18,3080,72
2026-07-05,2001,6
2026-07-19,3004,73
2026-07-07,3005,103
2026-07-18,3014,48
2026-07-21,3030,114
2026-07-02,3034,121
2026-07-28,3038,35
2026-07-11,3042,39
2026-07-24,3049,59
2026-07-14,3051,71
2026-07-09,3060,22
2026-07-31,3061,77
2026-07-06,3064,101
2026-07-02,3016,91
2026-07-15,3067,97
2026-07-15,3068,12
2026-07-30,3075,76
2026-07-23,3079,73
2026-07-17,2005,6
2026-07-23,3012,24
2026-07-30,3013,2
2026-07-22,3014,60
2026-07-19,3030,124
2026-07-31,3031,20
2026-07-29,3037,0
2026-07-19,3047,70
2026-07-23,3054,84
2026-07-15,3017,20
2026-07-13,3019,10
2026-07-20,3055,83
2026-07-23,3017,24
2026-07-30,3023,41
2026-07-15,3026,65
2026-07-14,3046,82
2026-07-29,3053,90
2026-07-22,3058,10
2026-07-11,3062,87
2026-07-10,3066,103
2026-07-13,3068,16
2026-07-26,3071,42
2026-07-07,2006,100
2026-07-04,3005,89
2026-07-07,3022,30
2026-07-25,3029,0
2026-07-06,3041,37
2026-07-18,3045,0
2026-07-21,3055,80
2026-07-15,3058,15
2026-07-16,3066,119
2026-07-09,3064,89
2026-07-10,3072,66
2026-07-24,3081,54
2026-07-16,2001,11
2026-07-19,2008,12
2026-07-27,2006,100
2026-07-08,3005,90
2026-07-31,3028,102
2026-07-21,3032,69
2026-07-21,3033,36
2026-07-21,3034,100
2026-07-17,3039,53
2026-07-24,3040,46
2026-07-30,3043,84
2026-07-22,3062,89
2026-07-31,3069,14
2026-07-01,3018,97
2026-07-20,3052,65
2026-07-13,3070,79
2026-07-18,3074,17
2026-07-03,2008,18
2026-07-19,2006,100
2026-07-29,3002,52
2026-07-09,3005,81
2026-07-25,3013,10
2026-07-27,3014,53
2026-07-10,3021,14
2026-07-20,3029,0
2026-07-13,3030,112
2026-07-01,3032,84
2026-07-20,3038,49
2026-07-02,3042,50
2026-07-18,3059,97
2026-07-08,3018,96
2026-07-30,3073,30
2026-07-18,2004,12
2026-07-19,3000,59
2026-07-18,3007,5
2026-07-22,3015,22
2026-07-01,3023,65
2026-07-03,3048,99
2026-07-22,3055,64
2026-07-27,3061,62
2026-07-04,3063,35
2026-07-02,3076,34
2026-07-08,2001,11
2026-07-19,3008,98
2026-07-26,3011,104
2026-07-24,3014,45
2026-07-29,3028,86
2026-07-13,3037,38
2026-07-17,3045,12
2026-07-09,3051,70
2026-07-19,3062,101
2026-07-08,3069,18
2026-07-28,3078,0
2026-07-05,3079,88
2026-07-20,3081,66
2026-07-07,2004,5
2026-07-15,3007,3
2026-07-23,3008,66
2026-07-29,3012,22
2026-07-03,3021,23
2026-07-17,3035,61
2026-07-31,3035,59
2026-07-09,3047,89
2026-07-31,3066,103
2026-07-15,3072,61
2026-07-27,3072,69
2026-07-17,3073,37
2026-07-21,3000,69
2026-07-10,3008,91
2026-07-06,3025,92
2026-07-14,3037,16
2026-07-26,3051,54
2026-07-31,3057,64
2026-07-11,3069,10
2026-07-24,3071,33
2026-07-30,2001,5
2026-07-31,3001,60
2026-07-23,3002,49
2026-07-22,3009,0
2026-07-24,3012,17
2026-07-01,3020,29
2026-07-04,3020,27
2026-07-02,3024,80
2026-07-13,3027,49
2026-07-22,3031,20
2026-07-29,3035,52
2026-07-16,3037,14
2026-07-12,3047,84
2026-07-15,3047,90
2026-07-21,3063,16
2026-07-23,3068,4
2026-07-01,2008,20
2026-07-14,2005,8
2026-07-22,2007,4
2026-07-28,3002,49
2026-07-22,3012,6
2026-07-23,3019,0
2026-07-09,3043,89
2026-07-26,3054,97
2026-07-16,3057,53
2026-07-09,3013,26
2026-07-17,3065,25
2026-07-20,3068,33
2026-07-11,3071,52
2026-07-05,3074,16
2026-07-04,2007,6
2026-07-21,3001,95
2026-07-02,3004,79
2026-07-31,3006,0
2026-07-21,3007,7
2026-07-18,3018,87
2026-07-29,3022,34
2026-07-10,3025,99
2026-07-15,3028,105
2026-07-29,3030,84
2026-07-04,3034,107
2026-07-25,3040,20
2026-07-31,3050,114
2026-07-26,3052,76
2026-07-13,3061,78
2026-07-15,3013,20
2026-07-30,3069,0
2026-07-26,3072,58
2026-07-15,3075,95
2026-07-12,3001,97
2026-07-27,3016,69
2026-07-17,3021,6
2026-07-05,3024,76
2026-07-14,3029,11
2026-07-05,3034,117
2026-07-04,3038,52
2026-07-19,3039,56
2026-07-07,3049,54
2026-07-01,3052,90
2026-07-25,3058,20
2026-07-25,3062,94
2026-07-15,3015,33
2026-07-25,3069,13
2026-07-14,3071,56
2026-07-30,3071,36
2026-07-05,3072,69
2026-07-05,3078,11
2026-07-11,3079,75
2026-07-11,3005,92
2026-07-07,3009,13
2026-07-30,3012,6
2026-07-20,3013,16
2026-07-24,3016,81
2026-07-14,3030,110
2026-07-30,3036,18
2026-07-05,3038,45
2026-07-28,3041,33
2026-07-07,3052,88
2026-07-08,3065,22
2026-07-06,3069,27
2026-07-26,3069,6
2026-07-07,3075,94
2026-07-07,2008,14
2026-07-09,2001,10
2026-07-20,3031,37
2026-07-15,3032,76
2026-07-26,3032,61
2026-07-28,3035,51
2026-07-25,3043,84
2026-07-16,3045,5
2026-07-06,3046,84
2026-07-08,3057,69
2026-07-11,3057,55
2026-07-07,3064,97
2026-07-19,3064,87
2026-07-13,3065,12
2026-07-08,2006,100
2026-07-20,2003,2
2026-07-01,3003,73
2026-07-11,3003,63
2026-07-24,3009,10
2026-07-27,3009,12
2026-07-07,3011,123
2026-07-13,3022,39
2026-07-31,3023,57
2026-07-23,3035,62
2026-07-24,3051,72
2026-07-05,3057,57
2026-07-31,3059,88
2026-07-02,3064,93
2026-07-15,3018,83
2026-07-02,3077,84
2026-07-04,2005,5
2026-07-14,2003,6
2026-07-21,2002,7
2026-07-20,3009,9
2026-07-27,3010,12
2026-07-23,3021,19
2026-07-11,3036,35
2026-07-13,3054,77
2026-07-31,3071,31
2026-07-07,3013,31
2026-07-07,3017,16
2026-07-12,3018,99
2026-07-28,3052,89
2026-07-11,3068,18
2026-07-03,3074,28
2026-07-17,3080,66
2026-07-30,2004,9
2026-07-05,3001,103
2026-07-06,3009,23
2026-07-20,3016,73
2026-07-25,3019,4
2026-07-23,3020,19
2026-07-01,3021,23
2026-07-09,3024,69
2026-07-30,3026,62
2026-07-08,3032,78
2026-07-09,3032,80
2026-07-02,3035,73
2026-07-24,3038,30
2026-07-26,3047,78
2026-07-01,3050,122
2026-07-19,3051,69
2026-07-23,3059,86
2026-07-12,3061,80
2026-07-22,3074,8
2026-07-13,3079,68
2026-07-10,3081,79
2026-07-19,3006,17
2026-07-16,3042,32
2026-07-26,3042,35
2026-07-21,3051,51
2026-07-08,3061,90
2026-07-26,3063,16
2026-07-28,3056,96
2026-07-06,3066,109
2026-07-06,2003,3
2026-07-02,3027,44
2026-07-10,3029,9
2026-07-11,3029,6
2026-07-16,3040,45
2026-07-26,3061,87
2026-07-31,3063,15
2026-07-09,2007,9
2026-07-06,3001,95
2026-07-21,3020,29
2026-07-27,3021,4
2026-07-16,3026,80
2026-07-14,3032,68
2026-07-18,3034,116
2026-07-14,3045,14
2026-07-31,3064,75
2026-07-13,3014,52
2026-07-28,3065,5
2026-07-26,3073,18
2026-07-07,3082,36
2026-07-21,2006,100
2026-07-23,2002,9
2026-07-28,2005,7
2026-07-13,3006,13
2026-07-31,3007,5
2026-07-18,3016,84
2026-07-21,3017,22
2026-07-25,3018,96
2026-07-31,3032,75
2026-07-24,3033,25
2026-07-11,3051,69
2026-07-09,3061,90
2026-07-20,3053,96
2026-07-07,3065,34
2026-07-14,3067,83
2026-07-13,3072,60
2026-07-11,2003,3
2026-07-03,3022,39
2026-07-17,3059,103
2026-07-30,3060,17
2026-07-14,3061,80
2026-07-17,3075,80
2026-07-09,3077,82
2026-07-02,2004,10
2026-07-29,2005,8
2026-07-20,3004,71
2026-07-04,3008,104
2026-07-21,3015,32
2026-07-24,3017,8
2026-07-07,3024,72
2026-07-26,3031,39
2026-07-06,3040,48
2026-07-27,3041,20
2026-07-13,3049,54
2026-07-31,3056,85
2026-07-21,3066,112
2026-07-05,3068,36
2026-07-29,3071,29
2026-07-20,3072,65
2026-07-25,3074,16
2026-07-19,2001,8
2026-07-04,3003,60
2026-07-03,3012,32
2026-07-30,3025,100
2026-07-27,3026,62
2026-07-12,3030,114
2026-07-09,3039,51
2026-07-08,3041,49
2026-07-10,3062,91
2026-07-11,3019,10
2026-07-12,3072,59
2026-07-11,3076,25
2026-07-06,3079,81
2026-07-24,2004,6
2026-07-25,2005,4
2026-07-06,3011,115
2026-07-18,3021,14
2026-07-18,3023,69
2026-07-27,3034,102
2026-07-09,3042,40
2026-07-14,3043,78
2026-07-16,3046,95
2026-07-05,3050,124
2026-07-23,3056,102
2026-07-09,3058,18
2026-07-31,3070,55
2026-07-03,3015,41
2026-07-23,3070,70
2026-07-01,3071,58
2026-07-17,3071,29
2026-07-10,3077,81
2026-07-08,2007,10
2026-07-13,2005,7
2026-07-26,2006,100
2026-07-24,3005,71
2026-07-10,3007,17
2026-07-31,3008,84
2026-07-10,3010,29
2026-07-16,3010,22
2026-07-20,3012,2
2026-07-10,3020,29
2026-07-11,3021,13
2026-07-24,3030,108
2026-07-25,3030,102
2026-07-30,3032,78
2026-07-03,3035,69
2026-07-01,3043,101
2026-07-26,3043,74
2026-07-24,3046,85
2026-07-05,3055,99
2026-07-01,3057,63
2026-07-30,3059,72
2026-07-12,3013,26
2026-07-28,3061,77
2026-07-19,3066,119
2026-07-19,3071,41
2026-07-10,3073,37
2026-07-21,3080,56
2026-07-09,2008,12
2026-07-28,2007,6
2026-07-28,3001,102
2026-07-24,3003,36
2026-07-10,3006,28
2026-07-12,3021,11
2026-07-11,3023,67
2026-07-11,3024,74
2026-07-22,3027,46
2026-07-06,3036,56
2026-07-23,3037,23
2026-07-02,3055,94
2026-07-27,3055,64
2026-07-13,3062,97
2026-07-27,3074,8
2026-07-15,3079,90
2026-07-30,3010,27
2026-07-01,3011,119
2026-07-25,3014,45
2026-07-04,3032,80
2026-07-27,3032,51
2026-07-24,3036,37
2026-07-12,3040,33
2026-07-18,3040,37
2026-07-07,3044,29
2026-07-04,3045,19
2026-07-18,3049,53
2026-07-30,3061,83
2026-07-18,3063,10
2026-07-01,3015,39
2026-07-23,3076,11
2026-07-16,3082,40
2026-07-26,2004,4
2026-07-15,3004,73
2026-07-31,3005,84
2026-07-31,3019,9
2026-07-01,3024,89
2026-07-04,3025,112
2026-07-03,3026,85
2026-07-07,3027,47
2026-07-26,3030,111
2026-07-25,3034,99
2026-07-01,3035,73
2026-07-01,3040,56
2026-07-31,3049,67
2026-07-07,3051,72
2026-07-13,3056,105
2026-07-19,3059,90
2026-07-10,3060,35
2026-07-31,3068,13
2026-07-19,3075,84
2026-07-20,2007,6
2026-07-03,3000,76
2026-07-23,3018,89
2026-07-31,3022,18
2026-07-17,3028,108
2026-07-26,3036,35
2026-07-16,3049,72
2026-07-19,3057,54
2026-07-20,3054,74
2026-07-15,3062,99
2026-07-01,3075,106
2026-07-11,2005,5
2026-07-18,2007,8
2026-07-28,3021,1
2026-07-16,3031,30
2026-07-07,3038,53
2026-07-23,3042,34
2026-07-03,3043,95
2026-07-19,3043,85
2026-07-30,3053,84
2026-07-16,3078,19
2026-07-14,3080,71
2026-07-23,3080,51
2026-07-05,3082,29
2026-07-29,3082,13
2026-07-04,2008,17
2026-07-26,3000,58
2026-07-01,3012,20
2026-07-30,3018,89
2026-07-02,3023,77
2026-07-01,3037,34
2026-07-14,3038,43
2026-07-14,3065,21
2026-07-01,3014,66
2026-07-24,3075,81
2026-07-03,3076,21
2026-07-22,3079,72
2026-07-22,2003,4
2026-07-23,2006,100
2026-07-18,3005,95
2026-07-08,3007,27
2026-07-12,3012,11
2026-07-15,3023,63
2026-07-08,3025,97
2026-07-02,3030,114
2026-07-14,3031,44
2026-07-10,3033,58
2026-07-30,3033,31
2026-07-14,3034,108
2026-07-05,3040,53
2026-07-21,3069,13
2026-07-04,3081,81
2026-07-15,2004,6
2026-07-23,2008,18
2026-07-03,3005,90
2026-07-21,3023,52
2026-07-27,3030,116
2026-07-06,3032,83
2026-07-19,3035,62
2026-07-24,3043,79
2026-07-08,3046,93
2026-07-15,3046,73
2026-07-27,3051,45
2026-07-18,3065,21
2026-07-06,3013,22
2026-07-28,3058,13
2026-07-14,3070,87
2026-07-26,3070,62
2026-07-27,3070,70
2026-07-24,3072,58
2026-07-29,3076,9
2026-07-18,3081,64
2026-07-23,2007,3
2026-07-10,3009,4
2026-07-16,3011,108
2026-07-24,3024,62
2026-07-28,3031,10
2026-07-12,3033,57
2026-07-02,3040,44
2026-07-15,3044,25
2026-07-10,3051,62
2026-07-03,3052,102
2026-07-25,3055,92
2026-07-17,3058,12
2026-07-05,3060,43
2026-07-08,3014,67
2026-07-12,3071,54
2026-07-06,2002,4
2026-07-09,2006,100
2026-07-28,3005,100
2026-07-06,3006,27
2026-07-22,3011,92
2026-07-10,3012,19
2026-07-28,3019,5
2026-07-08,3035,57
2026-07-23,3040,22
2026-07-31,3047,66
2026-07-18,3051,75
2026-07-15,3060,31
2026-07-24,3060,20
2026-07-24,3064,77
2026-07-27,3068,19
2026-07-26,3076,11
2026-07-12,3079,77
2026-07-30,3079,79
2026-07-27,3082,22
2026-07-16,3004,67
2026-07-17,3005,83
2026-07-15,3021,20
2026-07-27,3027,26
2026-07-24,3039,69
2026-07-15,3041,29
2026-07-06,3050,123
2026-07-14,3050,112
2026-07-15,3061,77
2026-07-04,3015,47
2026-07-09,3019,8
2026-07-12,3058,12
2026-07-04,3060,24
2026-07-21,3067,100
2026-07-06,3071,42
2026-07-19,3077,71
2026-07-21,2003,3
2026-07-18,3001,97
2026-07-14,3008,92
2026-07-30,3008,69
2026-07-18,3009,6
2026-07-22,3019,0
2026-07-04,3022,39
2026-07-19,3028,101
2026-07-10,3038,44
2026-07-23,3047,88
2026-07-12,3049,58
2026-07-10,3050,116
2026-07-25,3050,106
2026-07-15,3051,59
2026-07-01,3060,28
2026-07-20,3056,116
2026-07-05,3064,94
2026-07-27,3073,22
2026-07-21,3074,9
2026-07-18,3077,70
2026-07-12,2004,9
2026-07-15,2005,4
2026-07-19,2003,6
2026-07-21,2007,5
2026-07-30,2002,4
2026-07-14,3040,33
2026-07-15,3040,50
2026-07-29,3041,16
2026-07-29,3042,44
2026-07-02,3044,33
2026-07-27,3044,6
2026-07-23,3048,87
2026-07-17,3050,106
2026-07-06,3059,109
2026-07-27,3059,96
2026-07-31,3065,22
2026-07-05,3013,25
2026-07-05,3015,49
2026-07-04,3054,93
2026-07-13,3063,24
2026-07-15,3078,11
2026-07-03,3082,45
2026-07-15,2008,16
2026-07-16,2002,8
2026-07-13,3008,88
2026-07-28,3008,92
2026-07-27,3017,11
2026-07-06,3034,122
2026-07-12,3046,86
2026-07-29,3052,75
2026-07-24,3053,70
2026-07-10,3054,87
2026-07-02,3056,122
2026-07-05,3075,92
2026-07-10,3075,107
2026-07-09,3076,31
2026-07-28,3003,64
2026-07-15,3006,25
2026-07-20,3006,3
2026-07-19,3014,41
2026-07-19,3023,50
2026-07-14,3036,63
2026-07-13,3043,81
2026-07-08,3047,93
2026-07-19,3048,93
2026-07-08,3015,45
2026-07-06,3067,102
2026-07-02,3068,38
2026-07-25,3075,90
2026-07-17,3078,6
2026-07-20,2006,100
2026-07-30,2003,2
2026-07-08,3009,9
2026-07-05,3027,49
2026-07-22,3053,103
2026-07-12,3015,40
2026-07-09,3072,55
2026-07-07,3002,61
2026-07-20,3011,105
2026-07-19,3016,80
2026-07-17,3023,73
2026-07-07,3025,106
2026-07-31,3034,124
2026-07-04,3039,73
2026-07-08,3043,89
2026-07-24,3073,22
2026-07-28,3073,16
2026-07-13,3074,5
2026-07-19,3080,71
2026-07-22,3080,64
2026-07-19,3082,20
2026-07-02,2007,8
2026-07-24,2001,11
2026-07-27,3008,79
2026-07-13,3012,16
2026-07-18,3013,20
2026-07-27,3022,19
2026-07-14,3035,65
2026-07-11,3039,67
2026-07-02,3041,48
2026-07-26,3065,8
2026-07-06,3017,17
2026-07-21,3065,20
2026-07-26,3077,75
2026-07-01,2003,1
2026-07-24,2007,10
2026-07-31,3000,69
2026-07-03,3004,79
2026-07-26,3007,9
2026-07-06,3008,101
2026-07-12,3008,94
2026-07-08,3010,37
2026-07-11,3010,36
2026-07-28,3026,70
2026-07-04,3027,48
2026-07-10,3040,52
2026-07-11,3043,89
2026-07-17,3046,86
2026-07-05,3048,99
2026-07-17,3052,90
2026-07-21,3056,105
2026-07-22,3065,20
2026-07-12,3014,55
2026-07-10,3018,93
2026-07-15,3065,28
2026-07-29,3066,96
2026-07-16,3072,56
2026-07-12,3078,14
2026-07-08,2008,13
2026-07-10,2004,11
2026-07-06,3021,16
2026-07-03,3024,82
2026-07-20,3024,53
2026-07-14,3027,47
2026-07-06,3033,53
2026-07-10,3042,34
2026-07-18,3044,30
2026-07-23,3044,34
2026-07-02,3045,19
2026-07-06,3056,118
2026-07-31,3062,74
2026-07-04,3017,20
2026-07-12,3019,11
2026-07-17,3070,84
2026-07-25,3073,11
2026-07-09,3078,7
2026-07-04,3023,71
2026-07-04,3040,47
2026-07-20,3041,34
2026-07-18,3043,88
2026-07-07,3046,90
2026-07-08,3016,78
2026-07-28,3055,94
2026-07-17,2003,4
2026-07-20,3005,86
2026-07-15,3009,20
2026-07-13,3011,113
2026-07-28,3015,38
2026-07-22,3018,74
2026-07-24,3020,14
2026-07-08,3034,110
2026-07-08,3042,47
2026-07-06,3053,101
2026-07-01,3054,93
2026-07-15,3055,88
2026-07-11,3059,98
2026-07-16,3068,24
2026-07-14,3077,81
2026-07-25,3001,80
2026-07-28,3006,6
2026-07-27,3007,16
2026-07-13,3009,5
2026-07-17,3030,98
2026-07-19,3041,43
2026-07-30,3041,35
2026-07-19,3046,88
2026-07-16,3055,92
2026-07-16,3061,77
2026-07-02,3014,68
2026-07-16,3075,88
2026-07-29,3077,62
2026-07-28,3080,57
2026-07-12,3081,60
2026-07-19,3081,71
2026-07-30,3082,30
2026-07-29,2002,9
2026-07-18,3003,60
2026-07-03,3009,19
2026-07-03,3020,26
2026-07-27,3024,60
2026-07-04,3031,48
2026-07-13,3031,40
2026-07-18,3031,32
2026-07-26,3034,113
2026-07-17,3040,31
2026-07-27,3048,79
2026-07-18,3056,107
2026-07-29,3058,0
2026-07-26,3059,94
2026-07-17,3060,16
2026-07-12,3060,32
2026-07-25,3068,9
2026-07-11,3077,80
2026-07-15,3080,69
2026-07-18,2001,9
2026-07-18,2005,7
2026-07-01,3000,79
2026-07-17,3001,80
2026-07-28,3011,110
2026-07-22,3013,31
2026-07-01,3033,59
2026-07-24,3035,53
2026-07-27,3035,34
2026-07-13,3046,99
2026-07-06,3054,93
2026-07-25,3064,99
2026-07-12,3066,102
2026-07-26,3067,87
2026-07-25,3070,83
